{
    "@schema": "https://raw.githubusercontent.com/slicer/slicer/master/Modules/Loadable/Markups/Resources/Schema/markups-schema-v1.0.3.json#",
    "markups": [
        {
            "type": "Curve",
            "coordinateSystem": "LPS",
            "coordinateUnits": "mm",
            "locked": false,
            "fixedNumberOfControlPoints": false,
            "labelFormat": "%N-%d",
            "lastUsedControlPointNumber": 28,
            "controlPoints": [
                {
                    "id": "1",
                    "label": "Centerline curve (23)-1",
                    "description": "",
                    "associatedNodeID": "",
                    "position": [-600.1802978515625, 24.582944869995118, 4.5843024253845219],
                    "orientation": [-1.0, -0.0, -0.0, -0.0, -1.0, -0.0, 0.0, 0.0, 1.0],
                    "selected": true,
                    "locked": false,
                    "visibility": false,
                    "positionStatus": "defined"
                },
                {
                    "id": "2",
                    "label": "Centerline curve (23)-2",
                    "description": "",
                    "associatedNodeID": "",
                    "position": [-601.3117065429688, 23.172834396362306, 4.828168869018555],
                    "orientation": [-1.0, -0.0, -0.0, -0.0, -1.0, -0.0, 0.0, 0.0, 1.0],
                    "selected": true,
                    "locked": false,
                    "visibility": false,
                    "positionStatus": "defined"
                },
                {
                    "id": "3",
                    "label": "Centerline curve (23)-3",
                    "description": "",
                    "associatedNodeID": "",
                    "position": [-601.6806030273438, 22.23163414001465, 4.823714256286621],
                    "orientation": [-1.0, -0.0, -0.0, -0.0, -1.0, -0.0, 0.0, 0.0, 1.0],
                    "selected": true,
                    "locked": false,
                    "visibility": false,
                    "positionStatus": "defined"
                },
                {
                    "id": "4",
                    "label": "Centerline curve (23)-4",
                    "description": "",
                    "associatedNodeID": "",
                    "position": [-601.7845458984375, 21.25289535522461, 5.082950115203857],
                    "orientation": [-1.0, -0.0, -0.0, -0.0, -1.0, -0.0, 0.0, 0.0, 1.0],
                    "selected": true,
                    "locked": false,
                    "visibility": false,
                    "positionStatus": "defined"
                },
                {
                    "id": "5",
                    "label": "Centerline curve (23)-5",
                    "description": "",
                    "associatedNodeID": "",
                    "position": [-601.85546875, 20.333242416381837, 5.485854148864746],
                    "orientation": [-1.0, -0.0, -0.0, -0.0, -1.0, -0.0, 0.0, 0.0, 1.0],
                    "selected": true,
                    "locked": false,
                    "visibility": false,
                    "positionStatus": "defined"
                },
                {
                    "id": "6",
                    "label": "Centerline curve (23)-6",
                    "description": "",
                    "associatedNodeID": "",
                    "position": [-601.8931274414063, 19.374208450317384, 5.820683479309082],
                    "orientation": [-1.0, -0.0, -0.0, -0.0, -1.0, -0.0, 0.0, 0.0, 1.0],
                    "selected": true,
                    "locked": false,
                    "visibility": false,
                    "positionStatus": "defined"
                },
                {
                    "id": "7",
                    "label": "Centerline curve (23)-7",
                    "description": "",
                    "associatedNodeID": "",
                    "position": [-601.648193359375, 18.559324264526368, 6.380637168884277],
                    "orientation": [-1.0, -0.0, -0.0, -0.0, -1.0, -0.0, 0.0, 0.0, 1.0],
                    "selected": true,
                    "locked": false,
                    "visibility": false,
                    "positionStatus": "defined"
                },
                {
                    "id": "8",
                    "label": "Centerline curve (23)-8",
                    "description": "",
                    "associatedNodeID": "",
                    "position": [-601.535888671875, 17.70989418029785, 6.908626556396484],
                    "orientation": [-1.0, -0.0, -0.0, -0.0, -1.0, -0.0, 0.0, 0.0, 1.0],
                    "selected": true,
                    "locked": false,
                    "visibility": false,
                    "positionStatus": "defined"
                },
                {
                    "id": "9",
                    "label": "Centerline curve (23)-9",
                    "description": "",
                    "associatedNodeID": "",
                    "position": [-601.348388671875, 16.905935287475587, 7.515366554260254],
                    "orientation": [-1.0, -0.0, -0.0, -0.0, -1.0, -0.0, 0.0, 0.0, 1.0],
                    "selected": true,
                    "locked": false,
                    "visibility": false,
                    "positionStatus": "defined"
                },
                {
                    "id": "10",
                    "label": "Centerline curve (23)-10",
                    "description": "",
                    "associatedNodeID": "",
                    "position": [-601.1557006835938, 16.36774253845215, 8.318181037902832],
                    "orientation": [-1.0, -0.0, -0.0, -0.0, -1.0, -0.0, 0.0, 0.0, 1.0],
                    "selected": true,
                    "locked": false,
                    "visibility": false,
                    "positionStatus": "defined"
                },
                {
                    "id": "11",
                    "label": "Centerline curve (23)-11",
                    "description": "",
                    "associatedNodeID": "",
                    "position": [-601.1759643554688, 15.524801254272461, 8.946924209594727],
                    "orientation": [-1.0, -0.0, -0.0, -0.0, -1.0, -0.0, 0.0, 0.0, 1.0],
                    "selected": true,
                    "locked": false,
                    "visibility": false,
                    "positionStatus": "defined"
                },
                {
                    "id": "12",
                    "label": "Centerline curve (23)-12",
                    "description": "",
                    "associatedNodeID": "",
                    "position": [-601.0048217773438, 14.965843200683594, 9.791062355041504],
                    "orientation": [-1.0, -0.0, -0.0, -0.0, -1.0, -0.0, 0.0, 0.0, 1.0],
                    "selected": true,
                    "locked": false,
                    "visibility": false,
                    "positionStatus": "defined"
                },
                {
                    "id": "13",
                    "label": "Centerline curve (23)-13",
                    "description": "",
                    "associatedNodeID": "",
                    "position": [-600.842041015625, 14.230034828186036, 10.473037719726563],
                    "orientation": [-1.0, -0.0, -0.0, -0.0, -1.0, -0.0, 0.0, 0.0, 1.0],
                    "selected": true,
                    "locked": false,
                    "visibility": false,
                    "positionStatus": "defined"
                },
                {
                    "id": "14",
                    "label": "Centerline curve (23)-14",
                    "description": "",
                    "associatedNodeID": "",
                    "position": [-600.7631225585938, 13.527234077453614, 11.182469367980957],
                    "orientation": [-1.0, -0.0, -0.0, -0.0, -1.0, -0.0, 0.0, 0.0, 1.0],
                    "selected": true,
                    "locked": false,
                    "visibility": false,
                    "positionStatus": "defined"
                },
                {
                    "id": "15",
                    "label": "Centerline curve (23)-15",
                    "description": "",
                    "associatedNodeID": "",
                    "position": [-600.7224731445313, 12.778557777404786, 11.864813804626465],
                    "orientation": [-1.0, -0.0, -0.0, -0.0, -1.0, -0.0, 0.0, 0.0, 1.0],
                    "selected": true,
                    "locked": false,
                    "visibility": false,
                    "positionStatus": "defined"
                },
                {
                    "id": "16",
                    "label": "Centerline curve (23)-16",
                    "description": "",
                    "associatedNodeID": "",
                    "position": [-600.8378295898438, 12.065505981445313, 12.600690841674805],
                    "orientation": [-1.0, -0.0, -0.0, -0.0, -1.0, -0.0, 0.0, 0.0, 1.0],
                    "selected": true,
                    "locked": false,
                    "visibility": false,
                    "positionStatus": "defined"
                },
                {
                    "id": "17",
                    "label": "Centerline curve (23)-17",
                    "description": "",
                    "associatedNodeID": "",
                    "position": [-600.9515380859375, 11.828523635864258, 13.558692932128907],
                    "orientation": [-1.0, -0.0, -0.0, -0.0, -1.0, -0.0, 0.0, 0.0, 1.0],
                    "selected": true,
                    "locked": false,
                    "visibility": false,
                    "positionStatus": "defined"
                },
                {
                    "id": "18",
                    "label": "Centerline curve (23)-18",
                    "description": "",
                    "associatedNodeID": "",
                    "position": [-601.0343017578125, 11.09331226348877, 14.27518081665039],
                    "orientation": [-1.0, -0.0, -0.0, -0.0, -1.0, -0.0, 0.0, 0.0, 1.0],
                    "selected": true,
                    "locked": false,
                    "visibility": false,
                    "positionStatus": "defined"
                },
                {
                    "id": "19",
                    "label": "Centerline curve (23)-19",
                    "description": "",
                    "associatedNodeID": "",
                    "position": [-601.4177856445313, 10.735086441040039, 15.126693725585938],
                    "orientation": [-1.0, -0.0, -0.0, -0.0, -1.0, -0.0, 0.0, 0.0, 1.0],
                    "selected": true,
                    "locked": false,
                    "visibility": false,
                    "positionStatus": "defined"
                },
                {
                    "id": "20",
                    "label": "Centerline curve (23)-20",
                    "description": "",
                    "associatedNodeID": "",
                    "position": [-601.8538818359375, 10.154054641723633, 15.866129875183106],
                    "orientation": [-1.0, -0.0, -0.0, -0.0, -1.0, -0.0, 0.0, 0.0, 1.0],
                    "selected": true,
                    "locked": false,
                    "visibility": false,
                    "positionStatus": "defined"
                },
                {
                    "id": "21",
                    "label": "Centerline curve (23)-21",
                    "description": "",
                    "associatedNodeID": "",
                    "position": [-602.5117797851563, 10.041875839233399, 16.636260986328126],
                    "orientation": [-1.0, -0.0, -0.0, -0.0, -1.0, -0.0, 0.0, 0.0, 1.0],
                    "selected": true,
                    "locked": false,
                    "visibility": false,
                    "positionStatus": "defined"
                },
                {
                    "id": "22",
                    "label": "Centerline curve (23)-22",
                    "description": "",
                    "associatedNodeID": "",
                    "position": [-603.081298828125, 9.638359069824219, 17.318490982055665],
                    "orientation": [-1.0, -0.0, -0.0, -0.0, -1.0, -0.0, 0.0, 0.0, 1.0],
                    "selected": true,
                    "locked": false,
                    "visibility": false,
                    "positionStatus": "defined"
                },
                {
                    "id": "23",
                    "label": "Centerline curve (23)-23",
                    "description": "",
                    "associatedNodeID": "",
                    "position": [-603.895751953125, 9.358044624328614, 17.907804489135743],
                    "orientation": [-1.0, -0.0, -0.0, -0.0, -1.0, -0.0, 0.0, 0.0, 1.0],
                    "selected": true,
                    "locked": false,
                    "visibility": false,
                    "positionStatus": "defined"
                },
                {
                    "id": "24",
                    "label": "Centerline curve (23)-24",
                    "description": "",
                    "associatedNodeID": "",
                    "position": [-604.6898803710938, 9.01335334777832, 18.17567253112793],
                    "orientation": [-1.0, -0.0, -0.0, -0.0, -1.0, -0.0, 0.0, 0.0, 1.0],
                    "selected": true,
                    "locked": false,
                    "visibility": false,
                    "positionStatus": "defined"
                },
                {
                    "id": "25",
                    "label": "Centerline curve (23)-25",
                    "description": "",
                    "associatedNodeID": "",
                    "position": [-605.5818481445313, 9.066011428833008, 18.564035415649415],
                    "orientation": [-1.0, -0.0, -0.0, -0.0, -1.0, -0.0, 0.0, 0.0, 1.0],
                    "selected": true,
                    "locked": false,
                    "visibility": false,
                    "positionStatus": "defined"
                },
                {
                    "id": "26",
                    "label": "Centerline curve (23)-26",
                    "description": "",
                    "associatedNodeID": "",
                    "position": [-606.4688110351563, 8.757372856140137, 18.948673248291017],
                    "orientation": [-1.0, -0.0, -0.0, -0.0, -1.0, -0.0, 0.0, 0.0, 1.0],
                    "selected": true,
                    "locked": false,
                    "visibility": false,
                    "positionStatus": "defined"
                },
                {
                    "id": "27",
                    "label": "Centerline curve (23)-27",
                    "description": "",
                    "associatedNodeID": "",
                    "position": [-607.2188720703125, 8.90898323059082, 19.523836135864259],
                    "orientation": [-1.0, -0.0, -0.0, -0.0, -1.0, -0.0, 0.0, 0.0, 1.0],
                    "selected": true,
                    "locked": false,
                    "visibility": false,
                    "positionStatus": "defined"
                },
                {
                    "id": "28",
                    "label": "Centerline curve (23)-28",
                    "description": "",
                    "associatedNodeID": "",
                    "position": [-607.7271118164063, 8.885613441467286, 20.322025299072267],
                    "orientation": [-1.0, -0.0, -0.0, -0.0, -1.0, -0.0, 0.0, 0.0, 1.0],
                    "selected": true,
                    "locked": false,
                    "visibility": false,
                    "positionStatus": "defined"
                }
            ],
            "measurements": [
                {
                    "name": "length",
                    "enabled": false,
                    "units": "mm",
                    "printFormat": "%-#4.4g%s"
                },
                {
                    "name": "curvature mean",
                    "enabled": false,
                    "printFormat": "%5.3f %s"
                },
                {
                    "name": "curvature max",
                    "enabled": false,
                    "printFormat": "%5.3f %s"
                },
                {
                    "name": "Radius",
                    "enabled": true,
                    "units": "mm",
                    "controlPointValues": [
                        2.041120481123349,
                        1.5721327024156815,
                        1.5026180146076716,
                        1.450906380086077,
                        1.4348179912526713,
                        1.4326275100086643,
                        1.400522986369004,
                        1.4670088520417053,
                        1.4390944169670137,
                        1.3505419320404382,
                        1.3302757519851639,
                        1.308299110869748,
                        1.2444841690180014,
                        1.3263735567638818,
                        1.4476235127170543,
                        1.3358734325855067,
                        1.2820863543688926,
                        1.201293898870492,
                        1.2062379814371496,
                        1.104095270324739,
                        1.0142468111719619,
                        0.9256854000790417,
                        1.0060526707460669,
                        1.073439892138413,
                        1.0479276328531269,
                        1.0948848574996842,
                        1.008819661931534,
                        0.8263781383881623
                    ]
                }
            ],
            "display": {
                "visibility": true,
                "opacity": 1.0,
                "color": [0.4, 1.0, 1.0],
                "selectedColor": [0.37254901960784317, 0.6078431372549019, 0.4666666666666667],
                "activeColor": [0.4, 1.0, 0.0],
                "propertiesLabelVisibility": true,
                "pointLabelsVisibility": false,
                "textScale": 3.0,
                "glyphType": "Sphere3D",
                "glyphScale": 3.0,
                "glyphSize": 5.0,
                "useGlyphScale": true,
                "sliceProjection": false,
                "sliceProjectionUseFiducialColor": true,
                "sliceProjectionOutlinedBehindSlicePlane": false,
                "sliceProjectionColor": [1.0, 1.0, 1.0],
                "sliceProjectionOpacity": 0.6,
                "lineThickness": 0.2,
                "lineColorFadingStart": 1.0,
                "lineColorFadingEnd": 10.0,
                "lineColorFadingSaturation": 1.0,
                "lineColorFadingHueOffset": 0.0,
                "handlesInteractive": false,
                "translationHandleVisibility": true,
                "rotationHandleVisibility": true,
                "scaleHandleVisibility": true,
                "interactionHandleScale": 3.0,
                "snapMode": "toVisibleSurface"
            }
        }
    ]
}