{
    "@schema": "https://raw.githubusercontent.com/slicer/slicer/master/Modules/Loadable/Markups/Resources/Schema/markups-schema-v1.0.3.json#",
    "markups": [
        {
            "type": "Curve",
            "coordinateSystem": "LPS",
            "coordinateUnits": "mm",
            "locked": false,
            "fixedNumberOfControlPoints": false,
            "labelFormat": "%N-%d",
            "lastUsedControlPointNumber": 60,
            "controlPoints": [
                {
                    "id": "1",
                    "label": "Centerline curve (3)-1",
                    "description": "",
                    "associatedNodeID": "",
                    "position": [-79.3522720336914, 20.799129486083986, 22.832996368408204],
                    "orientation": [-1.0, -0.0, -0.0, -0.0, -1.0, -0.0, 0.0, 0.0, 1.0],
                    "selected": true,
                    "locked": false,
                    "visibility": false,
                    "positionStatus": "defined"
                },
                {
                    "id": "2",
                    "label": "Centerline curve (3)-2",
                    "description": "",
                    "associatedNodeID": "",
                    "position": [-75.44654083251953, 25.651981353759767, 20.964275360107423],
                    "orientation": [-1.0, -0.0, -0.0, -0.0, -1.0, -0.0, 0.0, 0.0, 1.0],
                    "selected": true,
                    "locked": false,
                    "visibility": false,
                    "positionStatus": "defined"
                },
                {
                    "id": "3",
                    "label": "Centerline curve (3)-3",
                    "description": "",
                    "associatedNodeID": "",
                    "position": [-74.67732238769531, 26.211782455444337, 20.61592674255371],
                    "orientation": [-1.0, -0.0, -0.0, -0.0, -1.0, -0.0, 0.0, 0.0, 1.0],
                    "selected": true,
                    "locked": false,
                    "visibility": false,
                    "positionStatus": "defined"
                },
                {
                    "id": "4",
                    "label": "Centerline curve (3)-4",
                    "description": "",
                    "associatedNodeID": "",
                    "position": [-73.86795806884766, 26.761459350585939, 20.343778610229493],
                    "orientation": [-1.0, -0.0, -0.0, -0.0, -1.0, -0.0, 0.0, 0.0, 1.0],
                    "selected": true,
                    "locked": false,
                    "visibility": false,
                    "positionStatus": "defined"
                },
                {
                    "id": "5",
                    "label": "Centerline curve (3)-5",
                    "description": "",
                    "associatedNodeID": "",
                    "position": [-73.01478576660156, 27.30382537841797, 20.258169174194337],
                    "orientation": [-1.0, -0.0, -0.0, -0.0, -1.0, -0.0, 0.0, 0.0, 1.0],
                    "selected": true,
                    "locked": false,
                    "visibility": false,
                    "positionStatus": "defined"
                },
                {
                    "id": "6",
                    "label": "Centerline curve (3)-6",
                    "description": "",
                    "associatedNodeID": "",
                    "position": [-72.17929077148438, 27.862640380859376, 20.110523223876954],
                    "orientation": [-1.0, -0.0, -0.0, -0.0, -1.0, -0.0, 0.0, 0.0, 1.0],
                    "selected": true,
                    "locked": false,
                    "visibility": false,
                    "positionStatus": "defined"
                },
                {
                    "id": "7",
                    "label": "Centerline curve (3)-7",
                    "description": "",
                    "associatedNodeID": "",
                    "position": [-71.335693359375, 28.37544822692871, 19.871326446533204],
                    "orientation": [-1.0, -0.0, -0.0, -0.0, -1.0, -0.0, 0.0, 0.0, 1.0],
                    "selected": true,
                    "locked": false,
                    "visibility": false,
                    "positionStatus": "defined"
                },
                {
                    "id": "8",
                    "label": "Centerline curve (3)-8",
                    "description": "",
                    "associatedNodeID": "",
                    "position": [-70.52942657470703, 28.913434982299806, 19.583343505859376],
                    "orientation": [-1.0, -0.0, -0.0, -0.0, -1.0, -0.0, 0.0, 0.0, 1.0],
                    "selected": true,
                    "locked": false,
                    "visibility": false,
                    "positionStatus": "defined"
                },
                {
                    "id": "9",
                    "label": "Centerline curve (3)-9",
                    "description": "",
                    "associatedNodeID": "",
                    "position": [-69.77303314208985, 29.530832290649415, 19.29850196838379],
                    "orientation": [-1.0, -0.0, -0.0, -0.0, -1.0, -0.0, 0.0, 0.0, 1.0],
                    "selected": true,
                    "locked": false,
                    "visibility": false,
                    "positionStatus": "defined"
                },
                {
                    "id": "10",
                    "label": "Centerline curve (3)-10",
                    "description": "",
                    "associatedNodeID": "",
                    "position": [-68.98033905029297, 30.134262084960939, 19.070043563842775],
                    "orientation": [-1.0, -0.0, -0.0, -0.0, -1.0, -0.0, 0.0, 0.0, 1.0],
                    "selected": true,
                    "locked": false,
                    "visibility": false,
                    "positionStatus": "defined"
                },
                {
                    "id": "11",
                    "label": "Centerline curve (3)-11",
                    "description": "",
                    "associatedNodeID": "",
                    "position": [-68.13948822021485, 30.699237823486329, 18.950729370117189],
                    "orientation": [-1.0, -0.0, -0.0, -0.0, -1.0, -0.0, 0.0, 0.0, 1.0],
                    "selected": true,
                    "locked": false,
                    "visibility": false,
                    "positionStatus": "defined"
                },
                {
                    "id": "12",
                    "label": "Centerline curve (3)-12",
                    "description": "",
                    "associatedNodeID": "",
                    "position": [-67.2844467163086, 31.244422912597658, 18.991689682006837],
                    "orientation": [-1.0, -0.0, -0.0, -0.0, -1.0, -0.0, 0.0, 0.0, 1.0],
                    "selected": true,
                    "locked": false,
                    "visibility": false,
                    "positionStatus": "defined"
                },
                {
                    "id": "13",
                    "label": "Centerline curve (3)-13",
                    "description": "",
                    "associatedNodeID": "",
                    "position": [-66.48807525634766, 31.864633560180665, 19.065673828125],
                    "orientation": [-1.0, -0.0, -0.0, -0.0, -1.0, -0.0, 0.0, 0.0, 1.0],
                    "selected": true,
                    "locked": false,
                    "visibility": false,
                    "positionStatus": "defined"
                },
                {
                    "id": "14",
                    "label": "Centerline curve (3)-14",
                    "description": "",
                    "associatedNodeID": "",
                    "position": [-65.70382690429688, 32.50299835205078, 18.947067260742189],
                    "orientation": [-1.0, -0.0, -0.0, -0.0, -1.0, -0.0, 0.0, 0.0, 1.0],
                    "selected": true,
                    "locked": false,
                    "visibility": false,
                    "positionStatus": "defined"
                },
                {
                    "id": "15",
                    "label": "Centerline curve (3)-15",
                    "description": "",
                    "associatedNodeID": "",
                    "position": [-64.93863677978516, 33.082977294921878, 18.62058448791504],
                    "orientation": [-1.0, -0.0, -0.0, -0.0, -1.0, -0.0, 0.0, 0.0, 1.0],
                    "selected": true,
                    "locked": false,
                    "visibility": false,
                    "positionStatus": "defined"
                },
                {
                    "id": "16",
                    "label": "Centerline curve (3)-16",
                    "description": "",
                    "associatedNodeID": "",
                    "position": [-64.1254653930664, 33.66373062133789, 18.41216278076172],
                    "orientation": [-1.0, -0.0, -0.0, -0.0, -1.0, -0.0, 0.0, 0.0, 1.0],
                    "selected": true,
                    "locked": false,
                    "visibility": false,
                    "positionStatus": "defined"
                },
                {
                    "id": "17",
                    "label": "Centerline curve (3)-17",
                    "description": "",
                    "associatedNodeID": "",
                    "position": [-63.31679153442383, 34.26287078857422, 18.267580032348634],
                    "orientation": [-1.0, -0.0, -0.0, -0.0, -1.0, -0.0, 0.0, 0.0, 1.0],
                    "selected": true,
                    "locked": false,
                    "visibility": false,
                    "positionStatus": "defined"
                },
                {
                    "id": "18",
                    "label": "Centerline curve (3)-18",
                    "description": "",
                    "associatedNodeID": "",
                    "position": [-62.55952453613281, 34.93423080444336, 18.236614227294923],
                    "orientation": [-1.0, -0.0, -0.0, -0.0, -1.0, -0.0, 0.0, 0.0, 1.0],
                    "selected": true,
                    "locked": false,
                    "visibility": false,
                    "positionStatus": "defined"
                },
                {
                    "id": "19",
                    "label": "Centerline curve (3)-19",
                    "description": "",
                    "associatedNodeID": "",
                    "position": [-61.79281234741211, 35.5931510925293, 18.194049835205079],
                    "orientation": [-1.0, -0.0, -0.0, -0.0, -1.0, -0.0, 0.0, 0.0, 1.0],
                    "selected": true,
                    "locked": false,
                    "visibility": false,
                    "positionStatus": "defined"
                },
                {
                    "id": "20",
                    "label": "Centerline curve (3)-20",
                    "description": "",
                    "associatedNodeID": "",
                    "position": [-60.97621536254883, 36.182552337646487, 18.038606643676759],
                    "orientation": [-1.0, -0.0, -0.0, -0.0, -1.0, -0.0, 0.0, 0.0, 1.0],
                    "selected": true,
                    "locked": false,
                    "visibility": false,
                    "positionStatus": "defined"
                },
                {
                    "id": "21",
                    "label": "Centerline curve (3)-21",
                    "description": "",
                    "associatedNodeID": "",
                    "position": [-60.198814392089847, 36.74225616455078, 17.712032318115236],
                    "orientation": [-1.0, -0.0, -0.0, -0.0, -1.0, -0.0, 0.0, 0.0, 1.0],
                    "selected": true,
                    "locked": false,
                    "visibility": false,
                    "positionStatus": "defined"
                },
                {
                    "id": "22",
                    "label": "Centerline curve (3)-22",
                    "description": "",
                    "associatedNodeID": "",
                    "position": [-59.46615219116211, 37.389060974121097, 17.441566467285158],
                    "orientation": [-1.0, -0.0, -0.0, -0.0, -1.0, -0.0, 0.0, 0.0, 1.0],
                    "selected": true,
                    "locked": false,
                    "visibility": false,
                    "positionStatus": "defined"
                },
                {
                    "id": "23",
                    "label": "Centerline curve (3)-23",
                    "description": "",
                    "associatedNodeID": "",
                    "position": [-58.73854064941406, 38.010353088378909, 17.103515625],
                    "orientation": [-1.0, -0.0, -0.0, -0.0, -1.0, -0.0, 0.0, 0.0, 1.0],
                    "selected": true,
                    "locked": false,
                    "visibility": false,
                    "positionStatus": "defined"
                },
                {
                    "id": "24",
                    "label": "Centerline curve (3)-24",
                    "description": "",
                    "associatedNodeID": "",
                    "position": [-58.0247917175293, 38.596153259277347, 16.66984748840332],
                    "orientation": [-1.0, -0.0, -0.0, -0.0, -1.0, -0.0, 0.0, 0.0, 1.0],
                    "selected": true,
                    "locked": false,
                    "visibility": false,
                    "positionStatus": "defined"
                },
                {
                    "id": "25",
                    "label": "Centerline curve (3)-25",
                    "description": "",
                    "associatedNodeID": "",
                    "position": [-57.35358428955078, 39.188987731933597, 16.182533264160158],
                    "orientation": [-1.0, -0.0, -0.0, -0.0, -1.0, -0.0, 0.0, 0.0, 1.0],
                    "selected": true,
                    "locked": false,
                    "visibility": false,
                    "positionStatus": "defined"
                },
                {
                    "id": "26",
                    "label": "Centerline curve (3)-26",
                    "description": "",
                    "associatedNodeID": "",
                    "position": [-56.71168518066406, 39.85539245605469, 15.774148941040039],
                    "orientation": [-1.0, -0.0, -0.0, -0.0, -1.0, -0.0, 0.0, 0.0, 1.0],
                    "selected": true,
                    "locked": false,
                    "visibility": false,
                    "positionStatus": "defined"
                },
                {
                    "id": "27",
                    "label": "Centerline curve (3)-27",
                    "description": "",
                    "associatedNodeID": "",
                    "position": [-56.040504455566409, 40.55059814453125, 15.462865829467774],
                    "orientation": [-1.0, -0.0, -0.0, -0.0, -1.0, -0.0, 0.0, 0.0, 1.0],
                    "selected": true,
                    "locked": false,
                    "visibility": false,
                    "positionStatus": "defined"
                },
                {
                    "id": "28",
                    "label": "Centerline curve (3)-28",
                    "description": "",
                    "associatedNodeID": "",
                    "position": [-55.35109329223633, 41.20527267456055, 15.096959114074707],
                    "orientation": [-1.0, -0.0, -0.0, -0.0, -1.0, -0.0, 0.0, 0.0, 1.0],
                    "selected": true,
                    "locked": false,
                    "visibility": false,
                    "positionStatus": "defined"
                },
                {
                    "id": "29",
                    "label": "Centerline curve (3)-29",
                    "description": "",
                    "associatedNodeID": "",
                    "position": [-54.71535873413086, 41.916221618652347, 14.714083671569825],
                    "orientation": [-1.0, -0.0, -0.0, -0.0, -1.0, -0.0, 0.0, 0.0, 1.0],
                    "selected": true,
                    "locked": false,
                    "visibility": false,
                    "positionStatus": "defined"
                },
                {
                    "id": "30",
                    "label": "Centerline curve (3)-30",
                    "description": "",
                    "associatedNodeID": "",
                    "position": [-54.09222412109375, 42.65778732299805, 14.386663436889649],
                    "orientation": [-1.0, -0.0, -0.0, -0.0, -1.0, -0.0, 0.0, 0.0, 1.0],
                    "selected": true,
                    "locked": false,
                    "visibility": false,
                    "positionStatus": "defined"
                },
                {
                    "id": "31",
                    "label": "Centerline curve (3)-31",
                    "description": "",
                    "associatedNodeID": "",
                    "position": [-53.43690490722656, 43.399803161621097, 14.187237739562989],
                    "orientation": [-1.0, -0.0, -0.0, -0.0, -1.0, -0.0, 0.0, 0.0, 1.0],
                    "selected": true,
                    "locked": false,
                    "visibility": false,
                    "positionStatus": "defined"
                },
                {
                    "id": "32",
                    "label": "Centerline curve (3)-32",
                    "description": "",
                    "associatedNodeID": "",
                    "position": [-52.706790924072269, 44.101104736328128, 14.186352729797364],
                    "orientation": [-1.0, -0.0, -0.0, -0.0, -1.0, -0.0, 0.0, 0.0, 1.0],
                    "selected": true,
                    "locked": false,
                    "visibility": false,
                    "positionStatus": "defined"
                },
                {
                    "id": "33",
                    "label": "Centerline curve (3)-33",
                    "description": "",
                    "associatedNodeID": "",
                    "position": [-52.023006439208987, 44.84550094604492, 14.13266372680664],
                    "orientation": [-1.0, -0.0, -0.0, -0.0, -1.0, -0.0, 0.0, 0.0, 1.0],
                    "selected": true,
                    "locked": false,
                    "visibility": false,
                    "positionStatus": "defined"
                },
                {
                    "id": "34",
                    "label": "Centerline curve (3)-34",
                    "description": "",
                    "associatedNodeID": "",
                    "position": [-51.293148040771487, 45.52885055541992, 13.96534538269043],
                    "orientation": [-1.0, -0.0, -0.0, -0.0, -1.0, -0.0, 0.0, 0.0, 1.0],
                    "selected": true,
                    "locked": false,
                    "visibility": false,
                    "positionStatus": "defined"
                },
                {
                    "id": "35",
                    "label": "Centerline curve (3)-35",
                    "description": "",
                    "associatedNodeID": "",
                    "position": [-50.549617767333987, 46.14775085449219, 13.684845924377442],
                    "orientation": [-1.0, -0.0, -0.0, -0.0, -1.0, -0.0, 0.0, 0.0, 1.0],
                    "selected": true,
                    "locked": false,
                    "visibility": false,
                    "positionStatus": "defined"
                },
                {
                    "id": "36",
                    "label": "Centerline curve (3)-36",
                    "description": "",
                    "associatedNodeID": "",
                    "position": [-49.8871955871582, 46.8210563659668, 13.293237686157227],
                    "orientation": [-1.0, -0.0, -0.0, -0.0, -1.0, -0.0, 0.0, 0.0, 1.0],
                    "selected": true,
                    "locked": false,
                    "visibility": false,
                    "positionStatus": "defined"
                },
                {
                    "id": "37",
                    "label": "Centerline curve (3)-37",
                    "description": "",
                    "associatedNodeID": "",
                    "position": [-49.17892074584961, 47.48017501831055, 12.981128692626954],
                    "orientation": [-1.0, -0.0, -0.0, -0.0, -1.0, -0.0, 0.0, 0.0, 1.0],
                    "selected": true,
                    "locked": false,
                    "visibility": false,
                    "positionStatus": "defined"
                },
                {
                    "id": "38",
                    "label": "Centerline curve (3)-38",
                    "description": "",
                    "associatedNodeID": "",
                    "position": [-48.51329803466797, 48.184051513671878, 12.684480667114258],
                    "orientation": [-1.0, -0.0, -0.0, -0.0, -1.0, -0.0, 0.0, 0.0, 1.0],
                    "selected": true,
                    "locked": false,
                    "visibility": false,
                    "positionStatus": "defined"
                },
                {
                    "id": "39",
                    "label": "Centerline curve (3)-39",
                    "description": "",
                    "associatedNodeID": "",
                    "position": [-47.94108581542969, 48.97439956665039, 12.396601676940918],
                    "orientation": [-1.0, -0.0, -0.0, -0.0, -1.0, -0.0, 0.0, 0.0, 1.0],
                    "selected": true,
                    "locked": false,
                    "visibility": false,
                    "positionStatus": "defined"
                },
                {
                    "id": "40",
                    "label": "Centerline curve (3)-40",
                    "description": "",
                    "associatedNodeID": "",
                    "position": [-47.36635971069336, 49.800655364990237, 12.25755786895752],
                    "orientation": [-1.0, -0.0, -0.0, -0.0, -1.0, -0.0, 0.0, 0.0, 1.0],
                    "selected": true,
                    "locked": false,
                    "visibility": false,
                    "positionStatus": "defined"
                },
                {
                    "id": "41",
                    "label": "Centerline curve (3)-41",
                    "description": "",
                    "associatedNodeID": "",
                    "position": [-46.72543716430664, 50.552005767822269, 12.050788879394532],
                    "orientation": [-1.0, -0.0, -0.0, -0.0, -1.0, -0.0, 0.0, 0.0, 1.0],
                    "selected": true,
                    "locked": false,
                    "visibility": false,
                    "positionStatus": "defined"
                },
                {
                    "id": "42",
                    "label": "Centerline curve (3)-42",
                    "description": "",
                    "associatedNodeID": "",
                    "position": [-46.07849884033203, 51.27225875854492, 11.733719825744629],
                    "orientation": [-1.0, -0.0, -0.0, -0.0, -1.0, -0.0, 0.0, 0.0, 1.0],
                    "selected": true,
                    "locked": false,
                    "visibility": false,
                    "positionStatus": "defined"
                },
                {
                    "id": "43",
                    "label": "Centerline curve (3)-43",
                    "description": "",
                    "associatedNodeID": "",
                    "position": [-45.55379104614258, 52.101741790771487, 11.471705436706543],
                    "orientation": [-1.0, -0.0, -0.0, -0.0, -1.0, -0.0, 0.0, 0.0, 1.0],
                    "selected": true,
                    "locked": false,
                    "visibility": false,
                    "positionStatus": "defined"
                },
                {
                    "id": "44",
                    "label": "Centerline curve (3)-44",
                    "description": "",
                    "associatedNodeID": "",
                    "position": [-45.150779724121097, 53.00486373901367, 11.240514755249024],
                    "orientation": [-1.0, -0.0, -0.0, -0.0, -1.0, -0.0, 0.0, 0.0, 1.0],
                    "selected": true,
                    "locked": false,
                    "visibility": false,
                    "positionStatus": "defined"
                },
                {
                    "id": "45",
                    "label": "Centerline curve (3)-45",
                    "description": "",
                    "associatedNodeID": "",
                    "position": [-44.667205810546878, 53.870018005371097, 11.008655548095704],
                    "orientation": [-1.0, -0.0, -0.0, -0.0, -1.0, -0.0, 0.0, 0.0, 1.0],
                    "selected": true,
                    "locked": false,
                    "visibility": false,
                    "positionStatus": "defined"
                },
                {
                    "id": "46",
                    "label": "Centerline curve (3)-46",
                    "description": "",
                    "associatedNodeID": "",
                    "position": [-44.068260192871097, 54.639442443847659, 10.729381561279297],
                    "orientation": [-1.0, -0.0, -0.0, -0.0, -1.0, -0.0, 0.0, 0.0, 1.0],
                    "selected": true,
                    "locked": false,
                    "visibility": false,
                    "positionStatus": "defined"
                },
                {
                    "id": "47",
                    "label": "Centerline curve (3)-47",
                    "description": "",
                    "associatedNodeID": "",
                    "position": [-43.461181640625, 55.411163330078128, 10.490730285644532],
                    "orientation": [-1.0, -0.0, -0.0, -0.0, -1.0, -0.0, 0.0, 0.0, 1.0],
                    "selected": true,
                    "locked": false,
                    "visibility": false,
                    "positionStatus": "defined"
                },
                {
                    "id": "48",
                    "label": "Centerline curve (3)-48",
                    "description": "",
                    "associatedNodeID": "",
                    "position": [-42.87248992919922, 56.23640441894531, 10.381478309631348],
                    "orientation": [-1.0, -0.0, -0.0, -0.0, -1.0, -0.0, 0.0, 0.0, 1.0],
                    "selected": true,
                    "locked": false,
                    "visibility": false,
                    "positionStatus": "defined"
                },
                {
                    "id": "49",
                    "label": "Centerline curve (3)-49",
                    "description": "",
                    "associatedNodeID": "",
                    "position": [-42.22831726074219, 57.013736724853519, 10.327844619750977],
                    "orientation": [-1.0, -0.0, -0.0, -0.0, -1.0, -0.0, 0.0, 0.0, 1.0],
                    "selected": true,
                    "locked": false,
                    "visibility": false,
                    "positionStatus": "defined"
                },
                {
                    "id": "50",
                    "label": "Centerline curve (3)-50",
                    "description": "",
                    "associatedNodeID": "",
                    "position": [-41.54749298095703, 57.73778533935547, 10.179160118103028],
                    "orientation": [-1.0, -0.0, -0.0, -0.0, -1.0, -0.0, 0.0, 0.0, 1.0],
                    "selected": true,
                    "locked": false,
                    "visibility": false,
                    "positionStatus": "defined"
                },
                {
                    "id": "51",
                    "label": "Centerline curve (3)-51",
                    "description": "",
                    "associatedNodeID": "",
                    "position": [-40.86288070678711, 58.46937561035156, 10.070229530334473],
                    "orientation": [-1.0, -0.0, -0.0, -0.0, -1.0, -0.0, 0.0, 0.0, 1.0],
                    "selected": true,
                    "locked": false,
                    "visibility": false,
                    "positionStatus": "defined"
                },
                {
                    "id": "52",
                    "label": "Centerline curve (3)-52",
                    "description": "",
                    "associatedNodeID": "",
                    "position": [-40.16599655151367, 59.20790100097656, 10.067465782165528],
                    "orientation": [-1.0, -0.0, -0.0, -0.0, -1.0, -0.0, 0.0, 0.0, 1.0],
                    "selected": true,
                    "locked": false,
                    "visibility": false,
                    "positionStatus": "defined"
                },
                {
                    "id": "53",
                    "label": "Centerline curve (3)-53",
                    "description": "",
                    "associatedNodeID": "",
                    "position": [-39.468421936035159, 59.92433547973633, 9.911709785461426],
                    "orientation": [-1.0, -0.0, -0.0, -0.0, -1.0, -0.0, 0.0, 0.0, 1.0],
                    "selected": true,
                    "locked": false,
                    "visibility": false,
                    "positionStatus": "defined"
                },
                {
                    "id": "54",
                    "label": "Centerline curve (3)-54",
                    "description": "",
                    "associatedNodeID": "",
                    "position": [-38.85710906982422, 60.713340759277347, 9.768685340881348],
                    "orientation": [-1.0, -0.0, -0.0, -0.0, -1.0, -0.0, 0.0, 0.0, 1.0],
                    "selected": true,
                    "locked": false,
                    "visibility": false,
                    "positionStatus": "defined"
                },
                {
                    "id": "55",
                    "label": "Centerline curve (3)-55",
                    "description": "",
                    "associatedNodeID": "",
                    "position": [-38.17753601074219, 61.4657096862793, 9.759187698364258],
                    "orientation": [-1.0, -0.0, -0.0, -0.0, -1.0, -0.0, 0.0, 0.0, 1.0],
                    "selected": true,
                    "locked": false,
                    "visibility": false,
                    "positionStatus": "defined"
                },
                {
                    "id": "56",
                    "label": "Centerline curve (3)-56",
                    "description": "",
                    "associatedNodeID": "",
                    "position": [-37.512657165527347, 62.20830154418945, 9.732282638549805],
                    "orientation": [-1.0, -0.0, -0.0, -0.0, -1.0, -0.0, 0.0, 0.0, 1.0],
                    "selected": true,
                    "locked": false,
                    "visibility": false,
                    "positionStatus": "defined"
                },
                {
                    "id": "57",
                    "label": "Centerline curve (3)-57",
                    "description": "",
                    "associatedNodeID": "",
                    "position": [-36.800048828125, 62.92844772338867, 9.634269714355469],
                    "orientation": [-1.0, -0.0, -0.0, -0.0, -1.0, -0.0, 0.0, 0.0, 1.0],
                    "selected": true,
                    "locked": false,
                    "visibility": false,
                    "positionStatus": "defined"
                },
                {
                    "id": "58",
                    "label": "Centerline curve (3)-58",
                    "description": "",
                    "associatedNodeID": "",
                    "position": [-36.20559310913086, 63.7499885559082, 9.622193336486817],
                    "orientation": [-1.0, -0.0, -0.0, -0.0, -1.0, -0.0, 0.0, 0.0, 1.0],
                    "selected": true,
                    "locked": false,
                    "visibility": false,
                    "positionStatus": "defined"
                },
                {
                    "id": "59",
                    "label": "Centerline curve (3)-59",
                    "description": "",
                    "associatedNodeID": "",
                    "position": [-35.632286071777347, 64.56986236572266, 9.649566650390625],
                    "orientation": [-1.0, -0.0, -0.0, -0.0, -1.0, -0.0, 0.0, 0.0, 1.0],
                    "selected": true,
                    "locked": false,
                    "visibility": false,
                    "positionStatus": "defined"
                },
                {
                    "id": "60",
                    "label": "Centerline curve (3)-60",
                    "description": "",
                    "associatedNodeID": "",
                    "position": [-33.59273910522461, 66.51988983154297, 9.46811580657959],
                    "orientation": [-1.0, -0.0, -0.0, -0.0, -1.0, -0.0, 0.0, 0.0, 1.0],
                    "selected": true,
                    "locked": false,
                    "visibility": false,
                    "positionStatus": "defined"
                }
            ],
            "measurements": [
                {
                    "name": "length",
                    "enabled": false,
                    "units": "mm",
                    "printFormat": "%-#4.4g%s"
                },
                {
                    "name": "curvature mean",
                    "enabled": false,
                    "printFormat": "%5.3f %s"
                },
                {
                    "name": "curvature max",
                    "enabled": false,
                    "printFormat": "%5.3f %s"
                },
                {
                    "name": "Radius",
                    "enabled": true,
                    "units": "mm",
                    "controlPointValues": [
                        9.624845198429317,
                        7.917678022007124,
                        7.670324513264109,
                        7.437261598858512,
                        7.183360914687316,
                        6.962722920395308,
                        6.75749793521967,
                        6.589784599867279,
                        6.422634758088909,
                        6.2749914957090688,
                        6.135495264058923,
                        6.019984169662773,
                        5.948343132058588,
                        5.830571688230272,
                        5.689074359594545,
                        5.6485995000484119,
                        5.613716288032039,
                        5.621864098700245,
                        5.692003195572292,
                        5.784306025411819,
                        5.881322574465809,
                        5.96688150278133,
                        6.113642579393705,
                        6.26040365600608,
                        6.4211033111175859,
                        6.609087114716504,
                        6.82789356570502,
                        7.036086004568551,
                        7.243918808386751,
                        7.451751612204951,
                        7.659584416023151,
                        7.970801590901409,
                        8.202344532359817,
                        8.377940547351252,
                        8.401675991744343,
                        8.41406797800406,
                        8.402940007322755,
                        8.338519325202189,
                        8.238181662819076,
                        8.15102872599898,
                        8.076684090247728,
                        8.005819145382127,
                        7.930755473921545,
                        7.822225744756439,
                        7.705229668361649,
                        7.599523189823206,
                        7.543031559434917,
                        7.498021561692059,
                        7.459836608932481,
                        7.452581835974305,
                        7.494157619708892,
                        7.55429624856721,
                        7.6398696018853429,
                        7.73596754704611,
                        7.765908759336841,
                        7.795388648813965,
                        7.823992623609879,
                        7.852901539448713,
                        7.832539960388272,
                        7.608158695092481
                    ]
                }
            ],
            "display": {
                "visibility": true,
                "opacity": 1.0,
                "color": [0.4, 1.0, 1.0],
                "selectedColor": [0.5294117647058824, 0.2980392156862745, 0.49019607843137255],
                "activeColor": [0.4, 1.0, 0.0],
                "propertiesLabelVisibility": true,
                "pointLabelsVisibility": false,
                "textScale": 3.0,
                "glyphType": "Sphere3D",
                "glyphScale": 3.0,
                "glyphSize": 5.0,
                "useGlyphScale": true,
                "sliceProjection": false,
                "sliceProjectionUseFiducialColor": true,
                "sliceProjectionOutlinedBehindSlicePlane": false,
                "sliceProjectionColor": [1.0, 1.0, 1.0],
                "sliceProjectionOpacity": 0.6,
                "lineThickness": 0.2,
                "lineColorFadingStart": 1.0,
                "lineColorFadingEnd": 10.0,
                "lineColorFadingSaturation": 1.0,
                "lineColorFadingHueOffset": 0.0,
                "handlesInteractive": false,
                "translationHandleVisibility": true,
                "rotationHandleVisibility": true,
                "scaleHandleVisibility": true,
                "interactionHandleScale": 3.0,
                "snapMode": "toVisibleSurface"
            }
        }
    ]
}