{
    "@schema": "https://raw.githubusercontent.com/slicer/slicer/master/Modules/Loadable/Markups/Resources/Schema/markups-schema-v1.0.3.json#",
    "markups": [
        {
            "type": "Curve",
            "coordinateSystem": "LPS",
            "coordinateUnits": "mm",
            "locked": false,
            "fixedNumberOfControlPoints": false,
            "labelFormat": "%N-%d",
            "lastUsedControlPointNumber": 30,
            "controlPoints": [
                {
                    "id": "1",
                    "label": "Centerline curve (21)-1",
                    "description": "",
                    "associatedNodeID": "",
                    "position": [-572.0044555664063, 14.836310386657715, -12.526056289672852],
                    "orientation": [-1.0, -0.0, -0.0, -0.0, -1.0, -0.0, 0.0, 0.0, 1.0],
                    "selected": true,
                    "locked": false,
                    "visibility": false,
                    "positionStatus": "defined"
                },
                {
                    "id": "2",
                    "label": "Centerline curve (21)-2",
                    "description": "",
                    "associatedNodeID": "",
                    "position": [-572.9312744140625, 14.255317687988282, -11.592007637023926],
                    "orientation": [-1.0, -0.0, -0.0, -0.0, -1.0, -0.0, 0.0, 0.0, 1.0],
                    "selected": true,
                    "locked": false,
                    "visibility": false,
                    "positionStatus": "defined"
                },
                {
                    "id": "3",
                    "label": "Centerline curve (21)-3",
                    "description": "",
                    "associatedNodeID": "",
                    "position": [-573.6283569335938, 13.802815437316895, -11.018654823303223],
                    "orientation": [-1.0, -0.0, -0.0, -0.0, -1.0, -0.0, 0.0, 0.0, 1.0],
                    "selected": true,
                    "locked": false,
                    "visibility": false,
                    "positionStatus": "defined"
                },
                {
                    "id": "4",
                    "label": "Centerline curve (21)-4",
                    "description": "",
                    "associatedNodeID": "",
                    "position": [-574.3560180664063, 13.370745658874512, -10.458056449890137],
                    "orientation": [-1.0, -0.0, -0.0, -0.0, -1.0, -0.0, 0.0, 0.0, 1.0],
                    "selected": true,
                    "locked": false,
                    "visibility": false,
                    "positionStatus": "defined"
                },
                {
                    "id": "5",
                    "label": "Centerline curve (21)-5",
                    "description": "",
                    "associatedNodeID": "",
                    "position": [-575.206298828125, 12.935779571533204, -10.105969429016114],
                    "orientation": [-1.0, -0.0, -0.0, -0.0, -1.0, -0.0, 0.0, 0.0, 1.0],
                    "selected": true,
                    "locked": false,
                    "visibility": false,
                    "positionStatus": "defined"
                },
                {
                    "id": "6",
                    "label": "Centerline curve (21)-6",
                    "description": "",
                    "associatedNodeID": "",
                    "position": [-576.0269165039063, 12.507224082946778, -9.681686401367188],
                    "orientation": [-1.0, -0.0, -0.0, -0.0, -1.0, -0.0, 0.0, 0.0, 1.0],
                    "selected": true,
                    "locked": false,
                    "visibility": false,
                    "positionStatus": "defined"
                },
                {
                    "id": "7",
                    "label": "Centerline curve (21)-7",
                    "description": "",
                    "associatedNodeID": "",
                    "position": [-576.8764038085938, 12.304986953735352, -9.17401123046875],
                    "orientation": [-1.0, -0.0, -0.0, -0.0, -1.0, -0.0, 0.0, 0.0, 1.0],
                    "selected": true,
                    "locked": false,
                    "visibility": false,
                    "positionStatus": "defined"
                },
                {
                    "id": "8",
                    "label": "Centerline curve (21)-8",
                    "description": "",
                    "associatedNodeID": "",
                    "position": [-577.67919921875, 11.844450950622559, -8.799271583557129],
                    "orientation": [-1.0, -0.0, -0.0, -0.0, -1.0, -0.0, 0.0, 0.0, 1.0],
                    "selected": true,
                    "locked": false,
                    "visibility": false,
                    "positionStatus": "defined"
                },
                {
                    "id": "9",
                    "label": "Centerline curve (21)-9",
                    "description": "",
                    "associatedNodeID": "",
                    "position": [-578.634033203125, 11.68836498260498, -8.507214546203614],
                    "orientation": [-1.0, -0.0, -0.0, -0.0, -1.0, -0.0, 0.0, 0.0, 1.0],
                    "selected": true,
                    "locked": false,
                    "visibility": false,
                    "positionStatus": "defined"
                },
                {
                    "id": "10",
                    "label": "Centerline curve (21)-10",
                    "description": "",
                    "associatedNodeID": "",
                    "position": [-579.5654296875, 11.46020793914795, -8.194770812988282],
                    "orientation": [-1.0, -0.0, -0.0, -0.0, -1.0, -0.0, 0.0, 0.0, 1.0],
                    "selected": true,
                    "locked": false,
                    "visibility": false,
                    "positionStatus": "defined"
                },
                {
                    "id": "11",
                    "label": "Centerline curve (21)-11",
                    "description": "",
                    "associatedNodeID": "",
                    "position": [-580.4832763671875, 11.29345703125, -7.851368427276611],
                    "orientation": [-1.0, -0.0, -0.0, -0.0, -1.0, -0.0, 0.0, 0.0, 1.0],
                    "selected": true,
                    "locked": false,
                    "visibility": false,
                    "positionStatus": "defined"
                },
                {
                    "id": "12",
                    "label": "Centerline curve (21)-12",
                    "description": "",
                    "associatedNodeID": "",
                    "position": [-581.3942260742188, 11.053821563720704, -7.456178188323975],
                    "orientation": [-1.0, -0.0, -0.0, -0.0, -1.0, -0.0, 0.0, 0.0, 1.0],
                    "selected": true,
                    "locked": false,
                    "visibility": false,
                    "positionStatus": "defined"
                },
                {
                    "id": "13",
                    "label": "Centerline curve (21)-13",
                    "description": "",
                    "associatedNodeID": "",
                    "position": [-582.2119750976563, 10.72692584991455, -7.013552188873291],
                    "orientation": [-1.0, -0.0, -0.0, -0.0, -1.0, -0.0, 0.0, 0.0, 1.0],
                    "selected": true,
                    "locked": false,
                    "visibility": false,
                    "positionStatus": "defined"
                },
                {
                    "id": "14",
                    "label": "Centerline curve (21)-14",
                    "description": "",
                    "associatedNodeID": "",
                    "position": [-583.153564453125, 10.691868782043457, -6.619942665100098],
                    "orientation": [-1.0, -0.0, -0.0, -0.0, -1.0, -0.0, 0.0, 0.0, 1.0],
                    "selected": true,
                    "locked": false,
                    "visibility": false,
                    "positionStatus": "defined"
                },
                {
                    "id": "15",
                    "label": "Centerline curve (21)-15",
                    "description": "",
                    "associatedNodeID": "",
                    "position": [-584.065673828125, 10.337579727172852, -6.380414009094238],
                    "orientation": [-1.0, -0.0, -0.0, -0.0, -1.0, -0.0, 0.0, 0.0, 1.0],
                    "selected": true,
                    "locked": false,
                    "visibility": false,
                    "positionStatus": "defined"
                },
                {
                    "id": "16",
                    "label": "Centerline curve (21)-16",
                    "description": "",
                    "associatedNodeID": "",
                    "position": [-584.9638671875, 9.998353004455567, -6.048521041870117],
                    "orientation": [-1.0, -0.0, -0.0, -0.0, -1.0, -0.0, 0.0, 0.0, 1.0],
                    "selected": true,
                    "locked": false,
                    "visibility": false,
                    "positionStatus": "defined"
                },
                {
                    "id": "17",
                    "label": "Centerline curve (21)-17",
                    "description": "",
                    "associatedNodeID": "",
                    "position": [-585.8679809570313, 9.81174373626709, -5.624911308288574],
                    "orientation": [-1.0, -0.0, -0.0, -0.0, -1.0, -0.0, 0.0, 0.0, 1.0],
                    "selected": true,
                    "locked": false,
                    "visibility": false,
                    "positionStatus": "defined"
                },
                {
                    "id": "18",
                    "label": "Centerline curve (21)-18",
                    "description": "",
                    "associatedNodeID": "",
                    "position": [-586.8279418945313, 9.575216293334961, -5.54038667678833],
                    "orientation": [-1.0, -0.0, -0.0, -0.0, -1.0, -0.0, 0.0, 0.0, 1.0],
                    "selected": true,
                    "locked": false,
                    "visibility": false,
                    "positionStatus": "defined"
                },
                {
                    "id": "19",
                    "label": "Centerline curve (21)-19",
                    "description": "",
                    "associatedNodeID": "",
                    "position": [-587.842041015625, 9.47085189819336, -5.5536699295043949],
                    "orientation": [-1.0, -0.0, -0.0, -0.0, -1.0, -0.0, 0.0, 0.0, 1.0],
                    "selected": true,
                    "locked": false,
                    "visibility": false,
                    "positionStatus": "defined"
                },
                {
                    "id": "20",
                    "label": "Centerline curve (21)-20",
                    "description": "",
                    "associatedNodeID": "",
                    "position": [-588.8154296875, 9.223957061767579, -5.550337791442871],
                    "orientation": [-1.0, -0.0, -0.0, -0.0, -1.0, -0.0, 0.0, 0.0, 1.0],
                    "selected": true,
                    "locked": false,
                    "visibility": false,
                    "positionStatus": "defined"
                },
                {
                    "id": "21",
                    "label": "Centerline curve (21)-21",
                    "description": "",
                    "associatedNodeID": "",
                    "position": [-589.8164672851563, 9.116659164428711, -5.715212821960449],
                    "orientation": [-1.0, -0.0, -0.0, -0.0, -1.0, -0.0, 0.0, 0.0, 1.0],
                    "selected": true,
                    "locked": false,
                    "visibility": false,
                    "positionStatus": "defined"
                },
                {
                    "id": "22",
                    "label": "Centerline curve (21)-22",
                    "description": "",
                    "associatedNodeID": "",
                    "position": [-590.8157958984375, 8.990693092346192, -5.809901714324951],
                    "orientation": [-1.0, -0.0, -0.0, -0.0, -1.0, -0.0, 0.0, 0.0, 1.0],
                    "selected": true,
                    "locked": false,
                    "visibility": false,
                    "positionStatus": "defined"
                },
                {
                    "id": "23",
                    "label": "Centerline curve (21)-23",
                    "description": "",
                    "associatedNodeID": "",
                    "position": [-591.834228515625, 8.963504791259766, -5.841455459594727],
                    "orientation": [-1.0, -0.0, -0.0, -0.0, -1.0, -0.0, 0.0, 0.0, 1.0],
                    "selected": true,
                    "locked": false,
                    "visibility": false,
                    "positionStatus": "defined"
                },
                {
                    "id": "24",
                    "label": "Centerline curve (21)-24",
                    "description": "",
                    "associatedNodeID": "",
                    "position": [-592.8359375, 8.932999610900879, -5.962759017944336],
                    "orientation": [-1.0, -0.0, -0.0, -0.0, -1.0, -0.0, 0.0, 0.0, 1.0],
                    "selected": true,
                    "locked": false,
                    "visibility": false,
                    "positionStatus": "defined"
                },
                {
                    "id": "25",
                    "label": "Centerline curve (21)-25",
                    "description": "",
                    "associatedNodeID": "",
                    "position": [-593.8477172851563, 8.872787475585938, -6.058478355407715],
                    "orientation": [-1.0, -0.0, -0.0, -0.0, -1.0, -0.0, 0.0, 0.0, 1.0],
                    "selected": true,
                    "locked": false,
                    "visibility": false,
                    "positionStatus": "defined"
                },
                {
                    "id": "26",
                    "label": "Centerline curve (21)-26",
                    "description": "",
                    "associatedNodeID": "",
                    "position": [-594.8203125, 8.915690422058106, -6.355428695678711],
                    "orientation": [-1.0, -0.0, -0.0, -0.0, -1.0, -0.0, 0.0, 0.0, 1.0],
                    "selected": true,
                    "locked": false,
                    "visibility": false,
                    "positionStatus": "defined"
                },
                {
                    "id": "27",
                    "label": "Centerline curve (21)-27",
                    "description": "",
                    "associatedNodeID": "",
                    "position": [-595.7907104492188, 8.86523151397705, -6.602578639984131],
                    "orientation": [-1.0, -0.0, -0.0, -0.0, -1.0, -0.0, 0.0, 0.0, 1.0],
                    "selected": true,
                    "locked": false,
                    "visibility": false,
                    "positionStatus": "defined"
                },
                {
                    "id": "28",
                    "label": "Centerline curve (21)-28",
                    "description": "",
                    "associatedNodeID": "",
                    "position": [-596.7906494140625, 8.871540069580079, -6.854109764099121],
                    "orientation": [-1.0, -0.0, -0.0, -0.0, -1.0, -0.0, 0.0, 0.0, 1.0],
                    "selected": true,
                    "locked": false,
                    "visibility": false,
                    "positionStatus": "defined"
                },
                {
                    "id": "29",
                    "label": "Centerline curve (21)-29",
                    "description": "",
                    "associatedNodeID": "",
                    "position": [-597.7503662109375, 8.94478988647461, -7.131295204162598],
                    "orientation": [-1.0, -0.0, -0.0, -0.0, -1.0, -0.0, 0.0, 0.0, 1.0],
                    "selected": true,
                    "locked": false,
                    "visibility": false,
                    "positionStatus": "defined"
                },
                {
                    "id": "30",
                    "label": "Centerline curve (21)-30",
                    "description": "",
                    "associatedNodeID": "",
                    "position": [-598.9351196289063, 9.053132057189942, -7.215282440185547],
                    "orientation": [-1.0, -0.0, -0.0, -0.0, -1.0, -0.0, 0.0, 0.0, 1.0],
                    "selected": true,
                    "locked": false,
                    "visibility": false,
                    "positionStatus": "defined"
                }
            ],
            "measurements": [
                {
                    "name": "length",
                    "enabled": false,
                    "units": "mm",
                    "printFormat": "%-#4.4g%s"
                },
                {
                    "name": "curvature mean",
                    "enabled": false,
                    "printFormat": "%5.3f %s"
                },
                {
                    "name": "curvature max",
                    "enabled": false,
                    "printFormat": "%5.3f %s"
                },
                {
                    "name": "Radius",
                    "enabled": true,
                    "units": "mm",
                    "controlPointValues": [
                        1.5561295503554154,
                        1.7722222194517897,
                        1.728675982379992,
                        1.7697565357553738,
                        1.6958337964894639,
                        1.6524579502032393,
                        1.6352641773400159,
                        1.6067165611527428,
                        1.514753304447245,
                        1.504615042616567,
                        1.5210036280472086,
                        1.5596831331332824,
                        1.6081733923872302,
                        1.7094421530328233,
                        1.7369956595589478,
                        1.8658167655064709,
                        1.9965045648641709,
                        1.9750236261423036,
                        2.0299658922848895,
                        2.004508263909131,
                        2.045325155681488,
                        2.0099156030133664,
                        1.9826855321934392,
                        1.9529839183584364,
                        1.9752518855625255,
                        2.040116455590979,
                        2.0658019203361315,
                        2.236922572753055,
                        2.3744538061096289,
                        2.3744538061096289
                    ]
                }
            ],
            "display": {
                "visibility": true,
                "opacity": 1.0,
                "color": [0.4, 1.0, 1.0],
                "selectedColor": [0.2549019607843137, 0.788235294117647, 0.1450980392156863],
                "activeColor": [0.4, 1.0, 0.0],
                "propertiesLabelVisibility": true,
                "pointLabelsVisibility": false,
                "textScale": 3.0,
                "glyphType": "Sphere3D",
                "glyphScale": 3.0,
                "glyphSize": 5.0,
                "useGlyphScale": true,
                "sliceProjection": false,
                "sliceProjectionUseFiducialColor": true,
                "sliceProjectionOutlinedBehindSlicePlane": false,
                "sliceProjectionColor": [1.0, 1.0, 1.0],
                "sliceProjectionOpacity": 0.6,
                "lineThickness": 0.2,
                "lineColorFadingStart": 1.0,
                "lineColorFadingEnd": 10.0,
                "lineColorFadingSaturation": 1.0,
                "lineColorFadingHueOffset": 0.0,
                "handlesInteractive": false,
                "translationHandleVisibility": true,
                "rotationHandleVisibility": true,
                "scaleHandleVisibility": true,
                "interactionHandleScale": 3.0,
                "snapMode": "toVisibleSurface"
            }
        }
    ]
}