{
    "@schema": "https://raw.githubusercontent.com/slicer/slicer/master/Modules/Loadable/Markups/Resources/Schema/markups-schema-v1.0.3.json#",
    "markups": [
        {
            "type": "Curve",
            "coordinateSystem": "LPS",
            "coordinateUnits": "mm",
            "locked": false,
            "fixedNumberOfControlPoints": false,
            "labelFormat": "%N-%d",
            "lastUsedControlPointNumber": 99,
            "controlPoints": [
                {
                    "id": "1",
                    "label": "Centerline curve (17)-1",
                    "description": "",
                    "associatedNodeID": "",
                    "position": [-425.3981018066406, -10.86532974243164, -39.88587951660156],
                    "orientation": [-1.0, -0.0, -0.0, -0.0, -1.0, -0.0, 0.0, 0.0, 1.0],
                    "selected": true,
                    "locked": false,
                    "visibility": false,
                    "positionStatus": "defined"
                },
                {
                    "id": "2",
                    "label": "Centerline curve (17)-2",
                    "description": "",
                    "associatedNodeID": "",
                    "position": [-427.4534606933594, -15.033968925476075, -40.533016204833987],
                    "orientation": [-1.0, -0.0, -0.0, -0.0, -1.0, -0.0, 0.0, 0.0, 1.0],
                    "selected": true,
                    "locked": false,
                    "visibility": false,
                    "positionStatus": "defined"
                },
                {
                    "id": "3",
                    "label": "Centerline curve (17)-3",
                    "description": "",
                    "associatedNodeID": "",
                    "position": [-428.0233154296875, -15.85115909576416, -40.59484100341797],
                    "orientation": [-1.0, -0.0, -0.0, -0.0, -1.0, -0.0, 0.0, 0.0, 1.0],
                    "selected": true,
                    "locked": false,
                    "visibility": false,
                    "positionStatus": "defined"
                },
                {
                    "id": "4",
                    "label": "Centerline curve (17)-4",
                    "description": "",
                    "associatedNodeID": "",
                    "position": [-428.3823547363281, -16.77620506286621, -40.59193801879883],
                    "orientation": [-1.0, -0.0, -0.0, -0.0, -1.0, -0.0, 0.0, 0.0, 1.0],
                    "selected": true,
                    "locked": false,
                    "visibility": false,
                    "positionStatus": "defined"
                },
                {
                    "id": "5",
                    "label": "Centerline curve (17)-5",
                    "description": "",
                    "associatedNodeID": "",
                    "position": [-428.4892272949219, -17.76889991760254, -40.59092712402344],
                    "orientation": [-1.0, -0.0, -0.0, -0.0, -1.0, -0.0, 0.0, 0.0, 1.0],
                    "selected": true,
                    "locked": false,
                    "visibility": false,
                    "positionStatus": "defined"
                },
                {
                    "id": "6",
                    "label": "Centerline curve (17)-6",
                    "description": "",
                    "associatedNodeID": "",
                    "position": [-428.350830078125, -18.75823974609375, -40.62528610229492],
                    "orientation": [-1.0, -0.0, -0.0, -0.0, -1.0, -0.0, 0.0, 0.0, 1.0],
                    "selected": true,
                    "locked": false,
                    "visibility": false,
                    "positionStatus": "defined"
                },
                {
                    "id": "7",
                    "label": "Centerline curve (17)-7",
                    "description": "",
                    "associatedNodeID": "",
                    "position": [-428.27642822265627, -19.741893768310548, -40.875579833984378],
                    "orientation": [-1.0, -0.0, -0.0, -0.0, -1.0, -0.0, 0.0, 0.0, 1.0],
                    "selected": true,
                    "locked": false,
                    "visibility": false,
                    "positionStatus": "defined"
                },
                {
                    "id": "8",
                    "label": "Centerline curve (17)-8",
                    "description": "",
                    "associatedNodeID": "",
                    "position": [-428.3603515625, -20.730571746826173, -40.71221160888672],
                    "orientation": [-1.0, -0.0, -0.0, -0.0, -1.0, -0.0, 0.0, 0.0, 1.0],
                    "selected": true,
                    "locked": false,
                    "visibility": false,
                    "positionStatus": "defined"
                },
                {
                    "id": "9",
                    "label": "Centerline curve (17)-9",
                    "description": "",
                    "associatedNodeID": "",
                    "position": [-428.13543701171877, -21.70489501953125, -40.66509246826172],
                    "orientation": [-1.0, -0.0, -0.0, -0.0, -1.0, -0.0, 0.0, 0.0, 1.0],
                    "selected": true,
                    "locked": false,
                    "visibility": false,
                    "positionStatus": "defined"
                },
                {
                    "id": "10",
                    "label": "Centerline curve (17)-10",
                    "description": "",
                    "associatedNodeID": "",
                    "position": [-427.9227294921875, -22.69256019592285, -40.645572662353519],
                    "orientation": [-1.0, -0.0, -0.0, -0.0, -1.0, -0.0, 0.0, 0.0, 1.0],
                    "selected": true,
                    "locked": false,
                    "visibility": false,
                    "positionStatus": "defined"
                },
                {
                    "id": "11",
                    "label": "Centerline curve (17)-11",
                    "description": "",
                    "associatedNodeID": "",
                    "position": [-427.7177734375, -23.658348083496095, -40.60346603393555],
                    "orientation": [-1.0, -0.0, -0.0, -0.0, -1.0, -0.0, 0.0, 0.0, 1.0],
                    "selected": true,
                    "locked": false,
                    "visibility": false,
                    "positionStatus": "defined"
                },
                {
                    "id": "12",
                    "label": "Centerline curve (17)-12",
                    "description": "",
                    "associatedNodeID": "",
                    "position": [-427.2919921875, -24.575239181518556, -40.606937408447269],
                    "orientation": [-1.0, -0.0, -0.0, -0.0, -1.0, -0.0, 0.0, 0.0, 1.0],
                    "selected": true,
                    "locked": false,
                    "visibility": false,
                    "positionStatus": "defined"
                },
                {
                    "id": "13",
                    "label": "Centerline curve (17)-13",
                    "description": "",
                    "associatedNodeID": "",
                    "position": [-426.89697265625, -25.479055404663087, -40.33221435546875],
                    "orientation": [-1.0, -0.0, -0.0, -0.0, -1.0, -0.0, 0.0, 0.0, 1.0],
                    "selected": true,
                    "locked": false,
                    "visibility": false,
                    "positionStatus": "defined"
                },
                {
                    "id": "14",
                    "label": "Centerline curve (17)-14",
                    "description": "",
                    "associatedNodeID": "",
                    "position": [-426.58673095703127, -26.42500114440918, -40.254940032958987],
                    "orientation": [-1.0, -0.0, -0.0, -0.0, -1.0, -0.0, 0.0, 0.0, 1.0],
                    "selected": true,
                    "locked": false,
                    "visibility": false,
                    "positionStatus": "defined"
                },
                {
                    "id": "15",
                    "label": "Centerline curve (17)-15",
                    "description": "",
                    "associatedNodeID": "",
                    "position": [-426.1242370605469, -27.324325561523439, -40.13343048095703],
                    "orientation": [-1.0, -0.0, -0.0, -0.0, -1.0, -0.0, 0.0, 0.0, 1.0],
                    "selected": true,
                    "locked": false,
                    "visibility": false,
                    "positionStatus": "defined"
                },
                {
                    "id": "16",
                    "label": "Centerline curve (17)-16",
                    "description": "",
                    "associatedNodeID": "",
                    "position": [-425.538818359375, -28.109573364257814, -39.88886642456055],
                    "orientation": [-1.0, -0.0, -0.0, -0.0, -1.0, -0.0, 0.0, 0.0, 1.0],
                    "selected": true,
                    "locked": false,
                    "visibility": false,
                    "positionStatus": "defined"
                },
                {
                    "id": "17",
                    "label": "Centerline curve (17)-17",
                    "description": "",
                    "associatedNodeID": "",
                    "position": [-424.9908447265625, -28.930143356323243, -39.678985595703128],
                    "orientation": [-1.0, -0.0, -0.0, -0.0, -1.0, -0.0, 0.0, 0.0, 1.0],
                    "selected": true,
                    "locked": false,
                    "visibility": false,
                    "positionStatus": "defined"
                },
                {
                    "id": "18",
                    "label": "Centerline curve (17)-18",
                    "description": "",
                    "associatedNodeID": "",
                    "position": [-424.4830322265625, -29.80539894104004, -39.57225799560547],
                    "orientation": [-1.0, -0.0, -0.0, -0.0, -1.0, -0.0, 0.0, 0.0, 1.0],
                    "selected": true,
                    "locked": false,
                    "visibility": false,
                    "positionStatus": "defined"
                },
                {
                    "id": "19",
                    "label": "Centerline curve (17)-19",
                    "description": "",
                    "associatedNodeID": "",
                    "position": [-423.9718017578125, -30.60770034790039, -39.265228271484378],
                    "orientation": [-1.0, -0.0, -0.0, -0.0, -1.0, -0.0, 0.0, 0.0, 1.0],
                    "selected": true,
                    "locked": false,
                    "visibility": false,
                    "positionStatus": "defined"
                },
                {
                    "id": "20",
                    "label": "Centerline curve (17)-20",
                    "description": "",
                    "associatedNodeID": "",
                    "position": [-423.3283386230469, -31.32632064819336, -38.986454010009769],
                    "orientation": [-1.0, -0.0, -0.0, -0.0, -1.0, -0.0, 0.0, 0.0, 1.0],
                    "selected": true,
                    "locked": false,
                    "visibility": false,
                    "positionStatus": "defined"
                },
                {
                    "id": "21",
                    "label": "Centerline curve (17)-21",
                    "description": "",
                    "associatedNodeID": "",
                    "position": [-422.8926696777344, -32.20032501220703, -38.70896911621094],
                    "orientation": [-1.0, -0.0, -0.0, -0.0, -1.0, -0.0, 0.0, 0.0, 1.0],
                    "selected": true,
                    "locked": false,
                    "visibility": false,
                    "positionStatus": "defined"
                },
                {
                    "id": "22",
                    "label": "Centerline curve (17)-22",
                    "description": "",
                    "associatedNodeID": "",
                    "position": [-422.3687744140625, -33.01424789428711, -38.43650817871094],
                    "orientation": [-1.0, -0.0, -0.0, -0.0, -1.0, -0.0, 0.0, 0.0, 1.0],
                    "selected": true,
                    "locked": false,
                    "visibility": false,
                    "positionStatus": "defined"
                },
                {
                    "id": "23",
                    "label": "Centerline curve (17)-23",
                    "description": "",
                    "associatedNodeID": "",
                    "position": [-421.81378173828127, -33.79957580566406, -38.123207092285159],
                    "orientation": [-1.0, -0.0, -0.0, -0.0, -1.0, -0.0, 0.0, 0.0, 1.0],
                    "selected": true,
                    "locked": false,
                    "visibility": false,
                    "positionStatus": "defined"
                },
                {
                    "id": "24",
                    "label": "Centerline curve (17)-24",
                    "description": "",
                    "associatedNodeID": "",
                    "position": [-421.1629638671875, -34.54038619995117, -37.90576171875],
                    "orientation": [-1.0, -0.0, -0.0, -0.0, -1.0, -0.0, 0.0, 0.0, 1.0],
                    "selected": true,
                    "locked": false,
                    "visibility": false,
                    "positionStatus": "defined"
                },
                {
                    "id": "25",
                    "label": "Centerline curve (17)-25",
                    "description": "",
                    "associatedNodeID": "",
                    "position": [-420.5487976074219, -35.32100296020508, -37.70667266845703],
                    "orientation": [-1.0, -0.0, -0.0, -0.0, -1.0, -0.0, 0.0, 0.0, 1.0],
                    "selected": true,
                    "locked": false,
                    "visibility": false,
                    "positionStatus": "defined"
                },
                {
                    "id": "26",
                    "label": "Centerline curve (17)-26",
                    "description": "",
                    "associatedNodeID": "",
                    "position": [-419.9582214355469, -36.043601989746097, -37.36446762084961],
                    "orientation": [-1.0, -0.0, -0.0, -0.0, -1.0, -0.0, 0.0, 0.0, 1.0],
                    "selected": true,
                    "locked": false,
                    "visibility": false,
                    "positionStatus": "defined"
                },
                {
                    "id": "27",
                    "label": "Centerline curve (17)-27",
                    "description": "",
                    "associatedNodeID": "",
                    "position": [-419.1622009277344, -36.67851257324219, -37.24211883544922],
                    "orientation": [-1.0, -0.0, -0.0, -0.0, -1.0, -0.0, 0.0, 0.0, 1.0],
                    "selected": true,
                    "locked": false,
                    "visibility": false,
                    "positionStatus": "defined"
                },
                {
                    "id": "28",
                    "label": "Centerline curve (17)-28",
                    "description": "",
                    "associatedNodeID": "",
                    "position": [-418.55279541015627, -37.42390823364258, -36.95549392700195],
                    "orientation": [-1.0, -0.0, -0.0, -0.0, -1.0, -0.0, 0.0, 0.0, 1.0],
                    "selected": true,
                    "locked": false,
                    "visibility": false,
                    "positionStatus": "defined"
                },
                {
                    "id": "29",
                    "label": "Centerline curve (17)-29",
                    "description": "",
                    "associatedNodeID": "",
                    "position": [-417.88079833984377, -38.15784454345703, -36.8587760925293],
                    "orientation": [-1.0, -0.0, -0.0, -0.0, -1.0, -0.0, 0.0, 0.0, 1.0],
                    "selected": true,
                    "locked": false,
                    "visibility": false,
                    "positionStatus": "defined"
                },
                {
                    "id": "30",
                    "label": "Centerline curve (17)-30",
                    "description": "",
                    "associatedNodeID": "",
                    "position": [-417.1413879394531, -38.83050537109375, -36.692020416259769],
                    "orientation": [-1.0, -0.0, -0.0, -0.0, -1.0, -0.0, 0.0, 0.0, 1.0],
                    "selected": true,
                    "locked": false,
                    "visibility": false,
                    "positionStatus": "defined"
                },
                {
                    "id": "31",
                    "label": "Centerline curve (17)-31",
                    "description": "",
                    "associatedNodeID": "",
                    "position": [-416.52850341796877, -39.594764709472659, -36.449825286865237],
                    "orientation": [-1.0, -0.0, -0.0, -0.0, -1.0, -0.0, 0.0, 0.0, 1.0],
                    "selected": true,
                    "locked": false,
                    "visibility": false,
                    "positionStatus": "defined"
                },
                {
                    "id": "32",
                    "label": "Centerline curve (17)-32",
                    "description": "",
                    "associatedNodeID": "",
                    "position": [-415.8768615722656, -40.28746795654297, -36.12006378173828],
                    "orientation": [-1.0, -0.0, -0.0, -0.0, -1.0, -0.0, 0.0, 0.0, 1.0],
                    "selected": true,
                    "locked": false,
                    "visibility": false,
                    "positionStatus": "defined"
                },
                {
                    "id": "33",
                    "label": "Centerline curve (17)-33",
                    "description": "",
                    "associatedNodeID": "",
                    "position": [-415.2279968261719, -40.976905822753909, -35.77239990234375],
                    "orientation": [-1.0, -0.0, -0.0, -0.0, -1.0, -0.0, 0.0, 0.0, 1.0],
                    "selected": true,
                    "locked": false,
                    "visibility": false,
                    "positionStatus": "defined"
                },
                {
                    "id": "34",
                    "label": "Centerline curve (17)-34",
                    "description": "",
                    "associatedNodeID": "",
                    "position": [-414.6484069824219, -41.7724609375, -35.53844451904297],
                    "orientation": [-1.0, -0.0, -0.0, -0.0, -1.0, -0.0, 0.0, 0.0, 1.0],
                    "selected": true,
                    "locked": false,
                    "visibility": false,
                    "positionStatus": "defined"
                },
                {
                    "id": "35",
                    "label": "Centerline curve (17)-35",
                    "description": "",
                    "associatedNodeID": "",
                    "position": [-414.0673828125, -42.52903747558594, -35.21464920043945],
                    "orientation": [-1.0, -0.0, -0.0, -0.0, -1.0, -0.0, 0.0, 0.0, 1.0],
                    "selected": true,
                    "locked": false,
                    "visibility": false,
                    "positionStatus": "defined"
                },
                {
                    "id": "36",
                    "label": "Centerline curve (17)-36",
                    "description": "",
                    "associatedNodeID": "",
                    "position": [-413.43365478515627, -43.24189758300781, -34.88815689086914],
                    "orientation": [-1.0, -0.0, -0.0, -0.0, -1.0, -0.0, 0.0, 0.0, 1.0],
                    "selected": true,
                    "locked": false,
                    "visibility": false,
                    "positionStatus": "defined"
                },
                {
                    "id": "37",
                    "label": "Centerline curve (17)-37",
                    "description": "",
                    "associatedNodeID": "",
                    "position": [-412.8771667480469, -44.05035400390625, -34.669471740722659],
                    "orientation": [-1.0, -0.0, -0.0, -0.0, -1.0, -0.0, 0.0, 0.0, 1.0],
                    "selected": true,
                    "locked": false,
                    "visibility": false,
                    "positionStatus": "defined"
                },
                {
                    "id": "38",
                    "label": "Centerline curve (17)-38",
                    "description": "",
                    "associatedNodeID": "",
                    "position": [-412.214599609375, -44.79975509643555, -34.52039337158203],
                    "orientation": [-1.0, -0.0, -0.0, -0.0, -1.0, -0.0, 0.0, 0.0, 1.0],
                    "selected": true,
                    "locked": false,
                    "visibility": false,
                    "positionStatus": "defined"
                },
                {
                    "id": "39",
                    "label": "Centerline curve (17)-39",
                    "description": "",
                    "associatedNodeID": "",
                    "position": [-411.5343017578125, -45.539398193359378, -34.44304656982422],
                    "orientation": [-1.0, -0.0, -0.0, -0.0, -1.0, -0.0, 0.0, 0.0, 1.0],
                    "selected": true,
                    "locked": false,
                    "visibility": false,
                    "positionStatus": "defined"
                },
                {
                    "id": "40",
                    "label": "Centerline curve (17)-40",
                    "description": "",
                    "associatedNodeID": "",
                    "position": [-410.9230041503906, -46.34562683105469, -34.388362884521487],
                    "orientation": [-1.0, -0.0, -0.0, -0.0, -1.0, -0.0, 0.0, 0.0, 1.0],
                    "selected": true,
                    "locked": false,
                    "visibility": false,
                    "positionStatus": "defined"
                },
                {
                    "id": "41",
                    "label": "Centerline curve (17)-41",
                    "description": "",
                    "associatedNodeID": "",
                    "position": [-410.36444091796877, -47.173954010009769, -34.30263900756836],
                    "orientation": [-1.0, -0.0, -0.0, -0.0, -1.0, -0.0, 0.0, 0.0, 1.0],
                    "selected": true,
                    "locked": false,
                    "visibility": false,
                    "positionStatus": "defined"
                },
                {
                    "id": "42",
                    "label": "Centerline curve (17)-42",
                    "description": "",
                    "associatedNodeID": "",
                    "position": [-409.7106018066406, -47.914485931396487, -34.09722137451172],
                    "orientation": [-1.0, -0.0, -0.0, -0.0, -1.0, -0.0, 0.0, 0.0, 1.0],
                    "selected": true,
                    "locked": false,
                    "visibility": false,
                    "positionStatus": "defined"
                },
                {
                    "id": "43",
                    "label": "Centerline curve (17)-43",
                    "description": "",
                    "associatedNodeID": "",
                    "position": [-409.0175476074219, -48.64277648925781, -34.02352523803711],
                    "orientation": [-1.0, -0.0, -0.0, -0.0, -1.0, -0.0, 0.0, 0.0, 1.0],
                    "selected": true,
                    "locked": false,
                    "visibility": false,
                    "positionStatus": "defined"
                },
                {
                    "id": "44",
                    "label": "Centerline curve (17)-44",
                    "description": "",
                    "associatedNodeID": "",
                    "position": [-408.4326477050781, -49.45866012573242, -33.94804382324219],
                    "orientation": [-1.0, -0.0, -0.0, -0.0, -1.0, -0.0, 0.0, 0.0, 1.0],
                    "selected": true,
                    "locked": false,
                    "visibility": false,
                    "positionStatus": "defined"
                },
                {
                    "id": "45",
                    "label": "Centerline curve (17)-45",
                    "description": "",
                    "associatedNodeID": "",
                    "position": [-407.76519775390627, -50.215721130371097, -33.87335205078125],
                    "orientation": [-1.0, -0.0, -0.0, -0.0, -1.0, -0.0, 0.0, 0.0, 1.0],
                    "selected": true,
                    "locked": false,
                    "visibility": false,
                    "positionStatus": "defined"
                },
                {
                    "id": "46",
                    "label": "Centerline curve (17)-46",
                    "description": "",
                    "associatedNodeID": "",
                    "position": [-407.1593017578125, -51.018272399902347, -33.82811737060547],
                    "orientation": [-1.0, -0.0, -0.0, -0.0, -1.0, -0.0, 0.0, 0.0, 1.0],
                    "selected": true,
                    "locked": false,
                    "visibility": false,
                    "positionStatus": "defined"
                },
                {
                    "id": "47",
                    "label": "Centerline curve (17)-47",
                    "description": "",
                    "associatedNodeID": "",
                    "position": [-406.51385498046877, -51.77419662475586, -33.654903411865237],
                    "orientation": [-1.0, -0.0, -0.0, -0.0, -1.0, -0.0, 0.0, 0.0, 1.0],
                    "selected": true,
                    "locked": false,
                    "visibility": false,
                    "positionStatus": "defined"
                },
                {
                    "id": "48",
                    "label": "Centerline curve (17)-48",
                    "description": "",
                    "associatedNodeID": "",
                    "position": [-405.86187744140627, -52.53181457519531, -33.52860641479492],
                    "orientation": [-1.0, -0.0, -0.0, -0.0, -1.0, -0.0, 0.0, 0.0, 1.0],
                    "selected": true,
                    "locked": false,
                    "visibility": false,
                    "positionStatus": "defined"
                },
                {
                    "id": "49",
                    "label": "Centerline curve (17)-49",
                    "description": "",
                    "associatedNodeID": "",
                    "position": [-405.27569580078127, -53.3314323425293, -33.355712890625],
                    "orientation": [-1.0, -0.0, -0.0, -0.0, -1.0, -0.0, 0.0, 0.0, 1.0],
                    "selected": true,
                    "locked": false,
                    "visibility": false,
                    "positionStatus": "defined"
                },
                {
                    "id": "50",
                    "label": "Centerline curve (17)-50",
                    "description": "",
                    "associatedNodeID": "",
                    "position": [-404.5852355957031, -54.05265426635742, -33.236671447753909],
                    "orientation": [-1.0, -0.0, -0.0, -0.0, -1.0, -0.0, 0.0, 0.0, 1.0],
                    "selected": true,
                    "locked": false,
                    "visibility": false,
                    "positionStatus": "defined"
                },
                {
                    "id": "51",
                    "label": "Centerline curve (17)-51",
                    "description": "",
                    "associatedNodeID": "",
                    "position": [-403.8741455078125, -54.767974853515628, -33.22063064575195],
                    "orientation": [-1.0, -0.0, -0.0, -0.0, -1.0, -0.0, 0.0, 0.0, 1.0],
                    "selected": true,
                    "locked": false,
                    "visibility": false,
                    "positionStatus": "defined"
                },
                {
                    "id": "52",
                    "label": "Centerline curve (17)-52",
                    "description": "",
                    "associatedNodeID": "",
                    "position": [-403.2486877441406, -55.54669952392578, -33.130775451660159],
                    "orientation": [-1.0, -0.0, -0.0, -0.0, -1.0, -0.0, 0.0, 0.0, 1.0],
                    "selected": true,
                    "locked": false,
                    "visibility": false,
                    "positionStatus": "defined"
                },
                {
                    "id": "53",
                    "label": "Centerline curve (17)-53",
                    "description": "",
                    "associatedNodeID": "",
                    "position": [-402.6290283203125, -56.33402633666992, -33.04377365112305],
                    "orientation": [-1.0, -0.0, -0.0, -0.0, -1.0, -0.0, 0.0, 0.0, 1.0],
                    "selected": true,
                    "locked": false,
                    "visibility": false,
                    "positionStatus": "defined"
                },
                {
                    "id": "54",
                    "label": "Centerline curve (17)-54",
                    "description": "",
                    "associatedNodeID": "",
                    "position": [-401.9220275878906, -57.03795623779297, -32.979393005371097],
                    "orientation": [-1.0, -0.0, -0.0, -0.0, -1.0, -0.0, 0.0, 0.0, 1.0],
                    "selected": true,
                    "locked": false,
                    "visibility": false,
                    "positionStatus": "defined"
                },
                {
                    "id": "55",
                    "label": "Centerline curve (17)-55",
                    "description": "",
                    "associatedNodeID": "",
                    "position": [-401.1863098144531, -57.71127700805664, -32.87379455566406],
                    "orientation": [-1.0, -0.0, -0.0, -0.0, -1.0, -0.0, 0.0, 0.0, 1.0],
                    "selected": true,
                    "locked": false,
                    "visibility": false,
                    "positionStatus": "defined"
                },
                {
                    "id": "56",
                    "label": "Centerline curve (17)-56",
                    "description": "",
                    "associatedNodeID": "",
                    "position": [-400.48150634765627, -58.42256164550781, -32.775691986083987],
                    "orientation": [-1.0, -0.0, -0.0, -0.0, -1.0, -0.0, 0.0, 0.0, 1.0],
                    "selected": true,
                    "locked": false,
                    "visibility": false,
                    "positionStatus": "defined"
                },
                {
                    "id": "57",
                    "label": "Centerline curve (17)-57",
                    "description": "",
                    "associatedNodeID": "",
                    "position": [-399.7172546386719, -59.0794792175293, -32.735023498535159],
                    "orientation": [-1.0, -0.0, -0.0, -0.0, -1.0, -0.0, 0.0, 0.0, 1.0],
                    "selected": true,
                    "locked": false,
                    "visibility": false,
                    "positionStatus": "defined"
                },
                {
                    "id": "58",
                    "label": "Centerline curve (17)-58",
                    "description": "",
                    "associatedNodeID": "",
                    "position": [-399.0346984863281, -59.810176849365237, -32.86577606201172],
                    "orientation": [-1.0, -0.0, -0.0, -0.0, -1.0, -0.0, 0.0, 0.0, 1.0],
                    "selected": true,
                    "locked": false,
                    "visibility": false,
                    "positionStatus": "defined"
                },
                {
                    "id": "59",
                    "label": "Centerline curve (17)-59",
                    "description": "",
                    "associatedNodeID": "",
                    "position": [-398.3515319824219, -60.549381256103519, -32.9302978515625],
                    "orientation": [-1.0, -0.0, -0.0, -0.0, -1.0, -0.0, 0.0, 0.0, 1.0],
                    "selected": true,
                    "locked": false,
                    "visibility": false,
                    "positionStatus": "defined"
                },
                {
                    "id": "60",
                    "label": "Centerline curve (17)-60",
                    "description": "",
                    "associatedNodeID": "",
                    "position": [-397.7513122558594, -61.34935760498047, -32.82944107055664],
                    "orientation": [-1.0, -0.0, -0.0, -0.0, -1.0, -0.0, 0.0, 0.0, 1.0],
                    "selected": true,
                    "locked": false,
                    "visibility": false,
                    "positionStatus": "defined"
                },
                {
                    "id": "61",
                    "label": "Centerline curve (17)-61",
                    "description": "",
                    "associatedNodeID": "",
                    "position": [-397.1440734863281, -62.14988708496094, -32.82772445678711],
                    "orientation": [-1.0, -0.0, -0.0, -0.0, -1.0, -0.0, 0.0, 0.0, 1.0],
                    "selected": true,
                    "locked": false,
                    "visibility": false,
                    "positionStatus": "defined"
                },
                {
                    "id": "62",
                    "label": "Centerline curve (17)-62",
                    "description": "",
                    "associatedNodeID": "",
                    "position": [-396.5930480957031, -62.97202682495117, -33.01156997680664],
                    "orientation": [-1.0, -0.0, -0.0, -0.0, -1.0, -0.0, 0.0, 0.0, 1.0],
                    "selected": true,
                    "locked": false,
                    "visibility": false,
                    "positionStatus": "defined"
                },
                {
                    "id": "63",
                    "label": "Centerline curve (17)-63",
                    "description": "",
                    "associatedNodeID": "",
                    "position": [-395.884521484375, -63.67744445800781, -33.0593147277832],
                    "orientation": [-1.0, -0.0, -0.0, -0.0, -1.0, -0.0, 0.0, 0.0, 1.0],
                    "selected": true,
                    "locked": false,
                    "visibility": false,
                    "positionStatus": "defined"
                },
                {
                    "id": "64",
                    "label": "Centerline curve (17)-64",
                    "description": "",
                    "associatedNodeID": "",
                    "position": [-395.1394348144531, -64.36075592041016, -33.00403594970703],
                    "orientation": [-1.0, -0.0, -0.0, -0.0, -1.0, -0.0, 0.0, 0.0, 1.0],
                    "selected": true,
                    "locked": false,
                    "visibility": false,
                    "positionStatus": "defined"
                },
                {
                    "id": "65",
                    "label": "Centerline curve (17)-65",
                    "description": "",
                    "associatedNodeID": "",
                    "position": [-394.4128723144531, -65.05860900878906, -32.99419403076172],
                    "orientation": [-1.0, -0.0, -0.0, -0.0, -1.0, -0.0, 0.0, 0.0, 1.0],
                    "selected": true,
                    "locked": false,
                    "visibility": false,
                    "positionStatus": "defined"
                },
                {
                    "id": "66",
                    "label": "Centerline curve (17)-66",
                    "description": "",
                    "associatedNodeID": "",
                    "position": [-393.71258544921877, -65.77400970458985, -32.97897720336914],
                    "orientation": [-1.0, -0.0, -0.0, -0.0, -1.0, -0.0, 0.0, 0.0, 1.0],
                    "selected": true,
                    "locked": false,
                    "visibility": false,
                    "positionStatus": "defined"
                },
                {
                    "id": "67",
                    "label": "Centerline curve (17)-67",
                    "description": "",
                    "associatedNodeID": "",
                    "position": [-393.1037292480469, -66.57968139648438, -32.86888885498047],
                    "orientation": [-1.0, -0.0, -0.0, -0.0, -1.0, -0.0, 0.0, 0.0, 1.0],
                    "selected": true,
                    "locked": false,
                    "visibility": false,
                    "positionStatus": "defined"
                },
                {
                    "id": "68",
                    "label": "Centerline curve (17)-68",
                    "description": "",
                    "associatedNodeID": "",
                    "position": [-392.4348449707031, -67.3169174194336, -32.92770767211914],
                    "orientation": [-1.0, -0.0, -0.0, -0.0, -1.0, -0.0, 0.0, 0.0, 1.0],
                    "selected": true,
                    "locked": false,
                    "visibility": false,
                    "positionStatus": "defined"
                },
                {
                    "id": "69",
                    "label": "Centerline curve (17)-69",
                    "description": "",
                    "associatedNodeID": "",
                    "position": [-391.81292724609377, -68.09771728515625, -33.004329681396487],
                    "orientation": [-1.0, -0.0, -0.0, -0.0, -1.0, -0.0, 0.0, 0.0, 1.0],
                    "selected": true,
                    "locked": false,
                    "visibility": false,
                    "positionStatus": "defined"
                },
                {
                    "id": "70",
                    "label": "Centerline curve (17)-70",
                    "description": "",
                    "associatedNodeID": "",
                    "position": [-391.0816650390625, -68.74075317382813, -33.29163360595703],
                    "orientation": [-1.0, -0.0, -0.0, -0.0, -1.0, -0.0, 0.0, 0.0, 1.0],
                    "selected": true,
                    "locked": false,
                    "visibility": false,
                    "positionStatus": "defined"
                },
                {
                    "id": "71",
                    "label": "Centerline curve (17)-71",
                    "description": "",
                    "associatedNodeID": "",
                    "position": [-390.31689453125, -69.4058837890625, -33.327056884765628],
                    "orientation": [-1.0, -0.0, -0.0, -0.0, -1.0, -0.0, 0.0, 0.0, 1.0],
                    "selected": true,
                    "locked": false,
                    "visibility": false,
                    "positionStatus": "defined"
                },
                {
                    "id": "72",
                    "label": "Centerline curve (17)-72",
                    "description": "",
                    "associatedNodeID": "",
                    "position": [-389.6477966308594, -70.14897155761719, -33.21956253051758],
                    "orientation": [-1.0, -0.0, -0.0, -0.0, -1.0, -0.0, 0.0, 0.0, 1.0],
                    "selected": true,
                    "locked": false,
                    "visibility": false,
                    "positionStatus": "defined"
                },
                {
                    "id": "73",
                    "label": "Centerline curve (17)-73",
                    "description": "",
                    "associatedNodeID": "",
                    "position": [-388.9161376953125, -70.83230590820313, -33.203514099121097],
                    "orientation": [-1.0, -0.0, -0.0, -0.0, -1.0, -0.0, 0.0, 0.0, 1.0],
                    "selected": true,
                    "locked": false,
                    "visibility": false,
                    "positionStatus": "defined"
                },
                {
                    "id": "74",
                    "label": "Centerline curve (17)-74",
                    "description": "",
                    "associatedNodeID": "",
                    "position": [-388.1685485839844, -71.50492858886719, -33.25333023071289],
                    "orientation": [-1.0, -0.0, -0.0, -0.0, -1.0, -0.0, 0.0, 0.0, 1.0],
                    "selected": true,
                    "locked": false,
                    "visibility": false,
                    "positionStatus": "defined"
                },
                {
                    "id": "75",
                    "label": "Centerline curve (17)-75",
                    "description": "",
                    "associatedNodeID": "",
                    "position": [-387.4762878417969, -72.23798370361328, -33.25944137573242],
                    "orientation": [-1.0, -0.0, -0.0, -0.0, -1.0, -0.0, 0.0, 0.0, 1.0],
                    "selected": true,
                    "locked": false,
                    "visibility": false,
                    "positionStatus": "defined"
                },
                {
                    "id": "76",
                    "label": "Centerline curve (17)-76",
                    "description": "",
                    "associatedNodeID": "",
                    "position": [-386.7135314941406, -72.89501190185547, -33.21744155883789],
                    "orientation": [-1.0, -0.0, -0.0, -0.0, -1.0, -0.0, 0.0, 0.0, 1.0],
                    "selected": true,
                    "locked": false,
                    "visibility": false,
                    "positionStatus": "defined"
                },
                {
                    "id": "77",
                    "label": "Centerline curve (17)-77",
                    "description": "",
                    "associatedNodeID": "",
                    "position": [-385.9864501953125, -73.57221984863281, -33.099822998046878],
                    "orientation": [-1.0, -0.0, -0.0, -0.0, -1.0, -0.0, 0.0, 0.0, 1.0],
                    "selected": true,
                    "locked": false,
                    "visibility": false,
                    "positionStatus": "defined"
                },
                {
                    "id": "78",
                    "label": "Centerline curve (17)-78",
                    "description": "",
                    "associatedNodeID": "",
                    "position": [-385.1839294433594, -74.18668365478516, -33.09800338745117],
                    "orientation": [-1.0, -0.0, -0.0, -0.0, -1.0, -0.0, 0.0, 0.0, 1.0],
                    "selected": true,
                    "locked": false,
                    "visibility": false,
                    "positionStatus": "defined"
                },
                {
                    "id": "79",
                    "label": "Centerline curve (17)-79",
                    "description": "",
                    "associatedNodeID": "",
                    "position": [-384.384521484375, -74.77593994140625, -33.29303741455078],
                    "orientation": [-1.0, -0.0, -0.0, -0.0, -1.0, -0.0, 0.0, 0.0, 1.0],
                    "selected": true,
                    "locked": false,
                    "visibility": false,
                    "positionStatus": "defined"
                },
                {
                    "id": "80",
                    "label": "Centerline curve (17)-80",
                    "description": "",
                    "associatedNodeID": "",
                    "position": [-383.70489501953127, -75.51631164550781, -33.445274353027347],
                    "orientation": [-1.0, -0.0, -0.0, -0.0, -1.0, -0.0, 0.0, 0.0, 1.0],
                    "selected": true,
                    "locked": false,
                    "visibility": false,
                    "positionStatus": "defined"
                },
                {
                    "id": "81",
                    "label": "Centerline curve (17)-81",
                    "description": "",
                    "associatedNodeID": "",
                    "position": [-383.0498352050781, -76.25553131103516, -33.638702392578128],
                    "orientation": [-1.0, -0.0, -0.0, -0.0, -1.0, -0.0, 0.0, 0.0, 1.0],
                    "selected": true,
                    "locked": false,
                    "visibility": false,
                    "positionStatus": "defined"
                },
                {
                    "id": "82",
                    "label": "Centerline curve (17)-82",
                    "description": "",
                    "associatedNodeID": "",
                    "position": [-382.1877136230469, -76.7620620727539, -33.72929000854492],
                    "orientation": [-1.0, -0.0, -0.0, -0.0, -1.0, -0.0, 0.0, 0.0, 1.0],
                    "selected": true,
                    "locked": false,
                    "visibility": false,
                    "positionStatus": "defined"
                },
                {
                    "id": "83",
                    "label": "Centerline curve (17)-83",
                    "description": "",
                    "associatedNodeID": "",
                    "position": [-381.41632080078127, -77.33929443359375, -34.022335052490237],
                    "orientation": [-1.0, -0.0, -0.0, -0.0, -1.0, -0.0, 0.0, 0.0, 1.0],
                    "selected": true,
                    "locked": false,
                    "visibility": false,
                    "positionStatus": "defined"
                },
                {
                    "id": "84",
                    "label": "Centerline curve (17)-84",
                    "description": "",
                    "associatedNodeID": "",
                    "position": [-380.6673889160156, -77.99359130859375, -34.18331527709961],
                    "orientation": [-1.0, -0.0, -0.0, -0.0, -1.0, -0.0, 0.0, 0.0, 1.0],
                    "selected": true,
                    "locked": false,
                    "visibility": false,
                    "positionStatus": "defined"
                },
                {
                    "id": "85",
                    "label": "Centerline curve (17)-85",
                    "description": "",
                    "associatedNodeID": "",
                    "position": [-379.9399108886719, -78.66878509521485, -34.34157180786133],
                    "orientation": [-1.0, -0.0, -0.0, -0.0, -1.0, -0.0, 0.0, 0.0, 1.0],
                    "selected": true,
                    "locked": false,
                    "visibility": false,
                    "positionStatus": "defined"
                },
                {
                    "id": "86",
                    "label": "Centerline curve (17)-86",
                    "description": "",
                    "associatedNodeID": "",
                    "position": [-379.25421142578127, -79.4015121459961, -34.41633605957031],
                    "orientation": [-1.0, -0.0, -0.0, -0.0, -1.0, -0.0, 0.0, 0.0, 1.0],
                    "selected": true,
                    "locked": false,
                    "visibility": false,
                    "positionStatus": "defined"
                },
                {
                    "id": "87",
                    "label": "Centerline curve (17)-87",
                    "description": "",
                    "associatedNodeID": "",
                    "position": [-378.6075134277344, -80.17289733886719, -34.48499298095703],
                    "orientation": [-1.0, -0.0, -0.0, -0.0, -1.0, -0.0, 0.0, 0.0, 1.0],
                    "selected": true,
                    "locked": false,
                    "visibility": false,
                    "positionStatus": "defined"
                },
                {
                    "id": "88",
                    "label": "Centerline curve (17)-88",
                    "description": "",
                    "associatedNodeID": "",
                    "position": [-377.9457092285156, -80.92105102539063, -34.60166549682617],
                    "orientation": [-1.0, -0.0, -0.0, -0.0, -1.0, -0.0, 0.0, 0.0, 1.0],
                    "selected": true,
                    "locked": false,
                    "visibility": false,
                    "positionStatus": "defined"
                },
                {
                    "id": "89",
                    "label": "Centerline curve (17)-89",
                    "description": "",
                    "associatedNodeID": "",
                    "position": [-377.2218322753906, -81.56582641601563, -34.88349533081055],
                    "orientation": [-1.0, -0.0, -0.0, -0.0, -1.0, -0.0, 0.0, 0.0, 1.0],
                    "selected": true,
                    "locked": false,
                    "visibility": false,
                    "positionStatus": "defined"
                },
                {
                    "id": "90",
                    "label": "Centerline curve (17)-90",
                    "description": "",
                    "associatedNodeID": "",
                    "position": [-376.43170166015627, -82.17525482177735, -35.011558532714847],
                    "orientation": [-1.0, -0.0, -0.0, -0.0, -1.0, -0.0, 0.0, 0.0, 1.0],
                    "selected": true,
                    "locked": false,
                    "visibility": false,
                    "positionStatus": "defined"
                },
                {
                    "id": "91",
                    "label": "Centerline curve (17)-91",
                    "description": "",
                    "associatedNodeID": "",
                    "position": [-375.7218933105469, -82.86103820800781, -35.19110107421875],
                    "orientation": [-1.0, -0.0, -0.0, -0.0, -1.0, -0.0, 0.0, 0.0, 1.0],
                    "selected": true,
                    "locked": false,
                    "visibility": false,
                    "positionStatus": "defined"
                },
                {
                    "id": "92",
                    "label": "Centerline curve (17)-92",
                    "description": "",
                    "associatedNodeID": "",
                    "position": [-375.0018005371094, -83.54972076416016, -35.28493118286133],
                    "orientation": [-1.0, -0.0, -0.0, -0.0, -1.0, -0.0, 0.0, 0.0, 1.0],
                    "selected": true,
                    "locked": false,
                    "visibility": false,
                    "positionStatus": "defined"
                },
                {
                    "id": "93",
                    "label": "Centerline curve (17)-93",
                    "description": "",
                    "associatedNodeID": "",
                    "position": [-374.3276062011719, -84.22904205322266, -35.63037872314453],
                    "orientation": [-1.0, -0.0, -0.0, -0.0, -1.0, -0.0, 0.0, 0.0, 1.0],
                    "selected": true,
                    "locked": false,
                    "visibility": false,
                    "positionStatus": "defined"
                },
                {
                    "id": "94",
                    "label": "Centerline curve (17)-94",
                    "description": "",
                    "associatedNodeID": "",
                    "position": [-373.6423034667969, -84.94068145751953, -35.8278694152832],
                    "orientation": [-1.0, -0.0, -0.0, -0.0, -1.0, -0.0, 0.0, 0.0, 1.0],
                    "selected": true,
                    "locked": false,
                    "visibility": false,
                    "positionStatus": "defined"
                },
                {
                    "id": "95",
                    "label": "Centerline curve (17)-95",
                    "description": "",
                    "associatedNodeID": "",
                    "position": [-372.8045959472656, -85.44815063476563, -36.01023864746094],
                    "orientation": [-1.0, -0.0, -0.0, -0.0, -1.0, -0.0, 0.0, 0.0, 1.0],
                    "selected": true,
                    "locked": false,
                    "visibility": false,
                    "positionStatus": "defined"
                },
                {
                    "id": "96",
                    "label": "Centerline curve (17)-96",
                    "description": "",
                    "associatedNodeID": "",
                    "position": [-372.1883850097656, -86.1460952758789, -36.40846633911133],
                    "orientation": [-1.0, -0.0, -0.0, -0.0, -1.0, -0.0, 0.0, 0.0, 1.0],
                    "selected": true,
                    "locked": false,
                    "visibility": false,
                    "positionStatus": "defined"
                },
                {
                    "id": "97",
                    "label": "Centerline curve (17)-97",
                    "description": "",
                    "associatedNodeID": "",
                    "position": [-371.4756774902344, -86.72230529785156, -36.83882522583008],
                    "orientation": [-1.0, -0.0, -0.0, -0.0, -1.0, -0.0, 0.0, 0.0, 1.0],
                    "selected": true,
                    "locked": false,
                    "visibility": false,
                    "positionStatus": "defined"
                },
                {
                    "id": "98",
                    "label": "Centerline curve (17)-98",
                    "description": "",
                    "associatedNodeID": "",
                    "position": [-370.7516174316406, -87.34300231933594, -37.143707275390628],
                    "orientation": [-1.0, -0.0, -0.0, -0.0, -1.0, -0.0, 0.0, 0.0, 1.0],
                    "selected": true,
                    "locked": false,
                    "visibility": false,
                    "positionStatus": "defined"
                },
                {
                    "id": "99",
                    "label": "Centerline curve (17)-99",
                    "description": "",
                    "associatedNodeID": "",
                    "position": [-369.8451232910156, -87.77027893066406, -37.19414138793945],
                    "orientation": [-1.0, -0.0, -0.0, -0.0, -1.0, -0.0, 0.0, 0.0, 1.0],
                    "selected": true,
                    "locked": false,
                    "visibility": false,
                    "positionStatus": "defined"
                }
            ],
            "measurements": [
                {
                    "name": "length",
                    "enabled": false,
                    "units": "mm",
                    "printFormat": "%-#4.4g%s"
                },
                {
                    "name": "curvature mean",
                    "enabled": false,
                    "printFormat": "%5.3f %s"
                },
                {
                    "name": "curvature max",
                    "enabled": false,
                    "printFormat": "%5.3f %s"
                },
                {
                    "name": "Radius",
                    "enabled": true,
                    "units": "mm",
                    "controlPointValues": [
                        5.860343190930584,
                        3.643903518657217,
                        3.2629969910513436,
                        2.862550353168244,
                        2.494028733495992,
                        2.264693744443925,
                        2.110605914985592,
                        2.046441885601778,
                        2.1449380666151498,
                        2.2352994025089498,
                        2.3253114637525238,
                        2.435294722606364,
                        2.536344357459235,
                        2.60121080469131,
                        2.660828452528946,
                        2.703277192606222,
                        2.758638619310454,
                        2.855107832203681,
                        2.934159000893832,
                        2.9490700192318015,
                        2.9922274339683625,
                        2.9721793198492154,
                        2.973989115010759,
                        2.9957501509690656,
                        3.0243162489740378,
                        3.0820584250943598,
                        3.158624891640254,
                        3.227334959646352,
                        3.2408150321667725,
                        3.3090353721601368,
                        3.372564779321377,
                        3.428253363790727,
                        3.439594025716528,
                        3.425424683670161,
                        3.4244462018957906,
                        3.3924320515860528,
                        3.4319450820156818,
                        3.4611268207552565,
                        3.4582210368887695,
                        3.507890637688021,
                        3.5836876721616437,
                        3.606845236283225,
                        3.6316801405560255,
                        3.6020842067043956,
                        3.6103551412776486,
                        3.633431311379962,
                        3.6581954678562949,
                        3.678386891417725,
                        3.623195210066421,
                        3.6147874549239864,
                        3.5808741638922858,
                        3.5549087856115717,
                        3.5673182594724128,
                        3.5314570174510018,
                        3.4084646345979188,
                        3.2490051536541135,
                        3.1460567408552437,
                        3.1854220417235687,
                        3.1944741098341424,
                        3.1546427705946957,
                        3.1793566308695349,
                        3.133173232709389,
                        3.0861888361357998,
                        3.034904141474682,
                        3.010215554163063,
                        2.9244943668639538,
                        2.8770973630744676,
                        2.89894113476873,
                        2.961968449051153,
                        2.930151713941265,
                        3.0267693796062238,
                        3.105543413271002,
                        3.134824054841073,
                        3.1260086256719878,
                        3.1716101216273389,
                        3.1861610674333917,
                        3.072568808324689,
                        3.0660575024654275,
                        3.103062430908374,
                        3.2425189309932467,
                        3.3760738451157374,
                        3.421933451998344,
                        3.366571319550553,
                        3.304289757975168,
                        3.1559274238653556,
                        3.0809232683136189,
                        3.004877107075549,
                        2.93334096252391,
                        2.887231092858711,
                        2.8102397359921844,
                        2.722565484343558,
                        2.601495952271599,
                        2.4415634420089136,
                        2.430050847558885,
                        2.4122955326056778,
                        2.3517620009883348,
                        2.2877013663011267,
                        2.0167154812866445,
                        1.6997358688424545
                    ]
                }
            ],
            "display": {
                "visibility": true,
                "opacity": 1.0,
                "color": [0.4, 1.0, 1.0],
                "selectedColor": [0.615686274509804, 0.7137254901960785, 0.00784313725490196],
                "activeColor": [0.4, 1.0, 0.0],
                "propertiesLabelVisibility": true,
                "pointLabelsVisibility": false,
                "textScale": 3.0,
                "glyphType": "Sphere3D",
                "glyphScale": 3.0,
                "glyphSize": 5.0,
                "useGlyphScale": true,
                "sliceProjection": false,
                "sliceProjectionUseFiducialColor": true,
                "sliceProjectionOutlinedBehindSlicePlane": false,
                "sliceProjectionColor": [1.0, 1.0, 1.0],
                "sliceProjectionOpacity": 0.6,
                "lineThickness": 0.2,
                "lineColorFadingStart": 1.0,
                "lineColorFadingEnd": 10.0,
                "lineColorFadingSaturation": 1.0,
                "lineColorFadingHueOffset": 0.0,
                "handlesInteractive": false,
                "translationHandleVisibility": true,
                "rotationHandleVisibility": true,
                "scaleHandleVisibility": true,
                "interactionHandleScale": 3.0,
                "snapMode": "toVisibleSurface"
            }
        }
    ]
}