{
    "@schema": "https://raw.githubusercontent.com/slicer/slicer/master/Modules/Loadable/Markups/Resources/Schema/markups-schema-v1.0.3.json#",
    "markups": [
        {
            "type": "Curve",
            "coordinateSystem": "LPS",
            "coordinateUnits": "mm",
            "locked": false,
            "fixedNumberOfControlPoints": false,
            "labelFormat": "%N-%d",
            "lastUsedControlPointNumber": 13,
            "controlPoints": [
                {
                    "id": "1",
                    "label": "Centerline curve (13)-1",
                    "description": "",
                    "associatedNodeID": "",
                    "position": [-601.2757568359375, -3.9151296615600588, 4.713229656219482],
                    "orientation": [-1.0, -0.0, -0.0, -0.0, -1.0, -0.0, 0.0, 0.0, 1.0],
                    "selected": true,
                    "locked": false,
                    "visibility": false,
                    "positionStatus": "defined"
                },
                {
                    "id": "2",
                    "label": "Centerline curve (13)-2",
                    "description": "",
                    "associatedNodeID": "",
                    "position": [-601.685302734375, -5.645668983459473, 4.271073341369629],
                    "orientation": [-1.0, -0.0, -0.0, -0.0, -1.0, -0.0, 0.0, 0.0, 1.0],
                    "selected": true,
                    "locked": false,
                    "visibility": false,
                    "positionStatus": "defined"
                },
                {
                    "id": "3",
                    "label": "Centerline curve (13)-3",
                    "description": "",
                    "associatedNodeID": "",
                    "position": [-601.9725341796875, -6.677896976470947, 4.2016215324401859],
                    "orientation": [-1.0, -0.0, -0.0, -0.0, -1.0, -0.0, 0.0, 0.0, 1.0],
                    "selected": true,
                    "locked": false,
                    "visibility": false,
                    "positionStatus": "defined"
                },
                {
                    "id": "4",
                    "label": "Centerline curve (13)-4",
                    "description": "",
                    "associatedNodeID": "",
                    "position": [-602.1692504882813, -7.731734752655029, 4.276689529418945],
                    "orientation": [-1.0, -0.0, -0.0, -0.0, -1.0, -0.0, 0.0, 0.0, 1.0],
                    "selected": true,
                    "locked": false,
                    "visibility": false,
                    "positionStatus": "defined"
                },
                {
                    "id": "5",
                    "label": "Centerline curve (13)-5",
                    "description": "",
                    "associatedNodeID": "",
                    "position": [-602.435791015625, -8.770249366760254, 4.424710273742676],
                    "orientation": [-1.0, -0.0, -0.0, -0.0, -1.0, -0.0, 0.0, 0.0, 1.0],
                    "selected": true,
                    "locked": false,
                    "visibility": false,
                    "positionStatus": "defined"
                },
                {
                    "id": "6",
                    "label": "Centerline curve (13)-6",
                    "description": "",
                    "associatedNodeID": "",
                    "position": [-602.4200439453125, -9.800065994262696, 4.7289934158325199],
                    "orientation": [-1.0, -0.0, -0.0, -0.0, -1.0, -0.0, 0.0, 0.0, 1.0],
                    "selected": true,
                    "locked": false,
                    "visibility": false,
                    "positionStatus": "defined"
                },
                {
                    "id": "7",
                    "label": "Centerline curve (13)-7",
                    "description": "",
                    "associatedNodeID": "",
                    "position": [-602.7787475585938, -10.805729866027832, 4.893597602844238],
                    "orientation": [-1.0, -0.0, -0.0, -0.0, -1.0, -0.0, 0.0, 0.0, 1.0],
                    "selected": true,
                    "locked": false,
                    "visibility": false,
                    "positionStatus": "defined"
                },
                {
                    "id": "8",
                    "label": "Centerline curve (13)-8",
                    "description": "",
                    "associatedNodeID": "",
                    "position": [-602.9370727539063, -11.707914352416993, 5.468249797821045],
                    "orientation": [-1.0, -0.0, -0.0, -0.0, -1.0, -0.0, 0.0, 0.0, 1.0],
                    "selected": true,
                    "locked": false,
                    "visibility": false,
                    "positionStatus": "defined"
                },
                {
                    "id": "9",
                    "label": "Centerline curve (13)-9",
                    "description": "",
                    "associatedNodeID": "",
                    "position": [-603.049560546875, -12.656942367553711, 5.971560478210449],
                    "orientation": [-1.0, -0.0, -0.0, -0.0, -1.0, -0.0, 0.0, 0.0, 1.0],
                    "selected": true,
                    "locked": false,
                    "visibility": false,
                    "positionStatus": "defined"
                },
                {
                    "id": "10",
                    "label": "Centerline curve (13)-10",
                    "description": "",
                    "associatedNodeID": "",
                    "position": [-603.199462890625, -13.62984848022461, 6.424365043640137],
                    "orientation": [-1.0, -0.0, -0.0, -0.0, -1.0, -0.0, 0.0, 0.0, 1.0],
                    "selected": true,
                    "locked": false,
                    "visibility": false,
                    "positionStatus": "defined"
                },
                {
                    "id": "11",
                    "label": "Centerline curve (13)-11",
                    "description": "",
                    "associatedNodeID": "",
                    "position": [-603.186767578125, -14.40501880645752, 7.163281440734863],
                    "orientation": [-1.0, -0.0, -0.0, -0.0, -1.0, -0.0, 0.0, 0.0, 1.0],
                    "selected": true,
                    "locked": false,
                    "visibility": false,
                    "positionStatus": "defined"
                },
                {
                    "id": "12",
                    "label": "Centerline curve (13)-12",
                    "description": "",
                    "associatedNodeID": "",
                    "position": [-602.6629028320313, -14.693794250488282, 8.094442367553711],
                    "orientation": [-1.0, -0.0, -0.0, -0.0, -1.0, -0.0, 0.0, 0.0, 1.0],
                    "selected": true,
                    "locked": false,
                    "visibility": false,
                    "positionStatus": "defined"
                },
                {
                    "id": "13",
                    "label": "Centerline curve (13)-13",
                    "description": "",
                    "associatedNodeID": "",
                    "position": [-602.0433959960938, -14.862115859985352, 8.938155174255371],
                    "orientation": [-1.0, -0.0, -0.0, -0.0, -1.0, -0.0, 0.0, 0.0, 1.0],
                    "selected": true,
                    "locked": false,
                    "visibility": false,
                    "positionStatus": "defined"
                }
            ],
            "measurements": [
                {
                    "name": "length",
                    "enabled": false,
                    "units": "mm",
                    "printFormat": "%-#4.4g%s"
                },
                {
                    "name": "curvature mean",
                    "enabled": false,
                    "printFormat": "%5.3f %s"
                },
                {
                    "name": "curvature max",
                    "enabled": false,
                    "printFormat": "%5.3f %s"
                },
                {
                    "name": "Radius",
                    "enabled": true,
                    "units": "mm",
                    "controlPointValues": [
                        2.132036397494071,
                        1.7415248210687125,
                        1.6491035080890698,
                        1.6260522969133149,
                        1.645675433270643,
                        1.735543614240488,
                        1.6608398860760767,
                        1.6989892208467246,
                        1.6745330775781616,
                        1.6584789858360259,
                        1.51333509356986,
                        1.139595601781425,
                        1.0485703745459106
                    ]
                }
            ],
            "display": {
                "visibility": true,
                "opacity": 1.0,
                "color": [0.4, 1.0, 1.0],
                "selectedColor": [0.47843137254901965, 0.2549019607843137, 0.807843137254902],
                "activeColor": [0.4, 1.0, 0.0],
                "propertiesLabelVisibility": true,
                "pointLabelsVisibility": false,
                "textScale": 3.0,
                "glyphType": "Sphere3D",
                "glyphScale": 3.0,
                "glyphSize": 5.0,
                "useGlyphScale": true,
                "sliceProjection": false,
                "sliceProjectionUseFiducialColor": true,
                "sliceProjectionOutlinedBehindSlicePlane": false,
                "sliceProjectionColor": [1.0, 1.0, 1.0],
                "sliceProjectionOpacity": 0.6,
                "lineThickness": 0.2,
                "lineColorFadingStart": 1.0,
                "lineColorFadingEnd": 10.0,
                "lineColorFadingSaturation": 1.0,
                "lineColorFadingHueOffset": 0.0,
                "handlesInteractive": false,
                "translationHandleVisibility": true,
                "rotationHandleVisibility": true,
                "scaleHandleVisibility": true,
                "interactionHandleScale": 3.0,
                "snapMode": "toVisibleSurface"
            }
        }
    ]
}