{
    "@schema": "https://raw.githubusercontent.com/slicer/slicer/master/Modules/Loadable/Markups/Resources/Schema/markups-schema-v1.0.3.json#",
    "markups": [
        {
            "type": "Curve",
            "coordinateSystem": "LPS",
            "coordinateUnits": "mm",
            "locked": false,
            "fixedNumberOfControlPoints": false,
            "labelFormat": "%N-%d",
            "lastUsedControlPointNumber": 33,
            "controlPoints": [
                {
                    "id": "1",
                    "label": "Centerline curve (6)-1",
                    "description": "",
                    "associatedNodeID": "",
                    "position": [-37.7070198059082, 10.224764823913575, 14.089375495910645],
                    "orientation": [-1.0, -0.0, -0.0, -0.0, -1.0, -0.0, 0.0, 0.0, 1.0],
                    "selected": true,
                    "locked": false,
                    "visibility": false,
                    "positionStatus": "defined"
                },
                {
                    "id": "2",
                    "label": "Centerline curve (6)-2",
                    "description": "",
                    "associatedNodeID": "",
                    "position": [-37.23153305053711, 15.621147155761719, 9.752559661865235],
                    "orientation": [-1.0, -0.0, -0.0, -0.0, -1.0, -0.0, 0.0, 0.0, 1.0],
                    "selected": true,
                    "locked": false,
                    "visibility": false,
                    "positionStatus": "defined"
                },
                {
                    "id": "3",
                    "label": "Centerline curve (6)-3",
                    "description": "",
                    "associatedNodeID": "",
                    "position": [-36.84656524658203, 16.15974235534668, 9.154483795166016],
                    "orientation": [-1.0, -0.0, -0.0, -0.0, -1.0, -0.0, 0.0, 0.0, 1.0],
                    "selected": true,
                    "locked": false,
                    "visibility": false,
                    "positionStatus": "defined"
                },
                {
                    "id": "4",
                    "label": "Centerline curve (6)-4",
                    "description": "",
                    "associatedNodeID": "",
                    "position": [-36.33839797973633, 16.733673095703126, 8.34866714477539],
                    "orientation": [-1.0, -0.0, -0.0, -0.0, -1.0, -0.0, 0.0, 0.0, 1.0],
                    "selected": true,
                    "locked": false,
                    "visibility": false,
                    "positionStatus": "defined"
                },
                {
                    "id": "5",
                    "label": "Centerline curve (6)-5",
                    "description": "",
                    "associatedNodeID": "",
                    "position": [-35.858741760253909, 17.058284759521486, 7.516387462615967],
                    "orientation": [-1.0, -0.0, -0.0, -0.0, -1.0, -0.0, 0.0, 0.0, 1.0],
                    "selected": true,
                    "locked": false,
                    "visibility": false,
                    "positionStatus": "defined"
                },
                {
                    "id": "6",
                    "label": "Centerline curve (6)-6",
                    "description": "",
                    "associatedNodeID": "",
                    "position": [-35.22096252441406, 17.52916145324707, 6.8922810554504398],
                    "orientation": [-1.0, -0.0, -0.0, -0.0, -1.0, -0.0, 0.0, 0.0, 1.0],
                    "selected": true,
                    "locked": false,
                    "visibility": false,
                    "positionStatus": "defined"
                },
                {
                    "id": "7",
                    "label": "Centerline curve (6)-7",
                    "description": "",
                    "associatedNodeID": "",
                    "position": [-34.55821228027344, 17.71329116821289, 6.168855667114258],
                    "orientation": [-1.0, -0.0, -0.0, -0.0, -1.0, -0.0, 0.0, 0.0, 1.0],
                    "selected": true,
                    "locked": false,
                    "visibility": false,
                    "positionStatus": "defined"
                },
                {
                    "id": "8",
                    "label": "Centerline curve (6)-8",
                    "description": "",
                    "associatedNodeID": "",
                    "position": [-33.83858108520508, 17.759037017822267, 5.44347620010376],
                    "orientation": [-1.0, -0.0, -0.0, -0.0, -1.0, -0.0, 0.0, 0.0, 1.0],
                    "selected": true,
                    "locked": false,
                    "visibility": false,
                    "positionStatus": "defined"
                },
                {
                    "id": "9",
                    "label": "Centerline curve (6)-9",
                    "description": "",
                    "associatedNodeID": "",
                    "position": [-33.01971435546875, 17.963977813720704, 4.891912937164307],
                    "orientation": [-1.0, -0.0, -0.0, -0.0, -1.0, -0.0, 0.0, 0.0, 1.0],
                    "selected": true,
                    "locked": false,
                    "visibility": false,
                    "positionStatus": "defined"
                },
                {
                    "id": "10",
                    "label": "Centerline curve (6)-10",
                    "description": "",
                    "associatedNodeID": "",
                    "position": [-32.16926956176758, 18.27228355407715, 4.4309186935424809],
                    "orientation": [-1.0, -0.0, -0.0, -0.0, -1.0, -0.0, 0.0, 0.0, 1.0],
                    "selected": true,
                    "locked": false,
                    "visibility": false,
                    "positionStatus": "defined"
                },
                {
                    "id": "11",
                    "label": "Centerline curve (6)-11",
                    "description": "",
                    "associatedNodeID": "",
                    "position": [-31.383302688598634, 18.322080612182618, 3.8214969635009767],
                    "orientation": [-1.0, -0.0, -0.0, -0.0, -1.0, -0.0, 0.0, 0.0, 1.0],
                    "selected": true,
                    "locked": false,
                    "visibility": false,
                    "positionStatus": "defined"
                },
                {
                    "id": "12",
                    "label": "Centerline curve (6)-12",
                    "description": "",
                    "associatedNodeID": "",
                    "position": [-30.73098373413086, 18.412220001220704, 3.0624477863311769],
                    "orientation": [-1.0, -0.0, -0.0, -0.0, -1.0, -0.0, 0.0, 0.0, 1.0],
                    "selected": true,
                    "locked": false,
                    "visibility": false,
                    "positionStatus": "defined"
                },
                {
                    "id": "13",
                    "label": "Centerline curve (6)-13",
                    "description": "",
                    "associatedNodeID": "",
                    "position": [-29.91558837890625, 18.443105697631837, 2.4740240573883058],
                    "orientation": [-1.0, -0.0, -0.0, -0.0, -1.0, -0.0, 0.0, 0.0, 1.0],
                    "selected": true,
                    "locked": false,
                    "visibility": false,
                    "positionStatus": "defined"
                },
                {
                    "id": "14",
                    "label": "Centerline curve (6)-14",
                    "description": "",
                    "associatedNodeID": "",
                    "position": [-29.122865676879884, 18.3568058013916, 1.850864291191101],
                    "orientation": [-1.0, -0.0, -0.0, -0.0, -1.0, -0.0, 0.0, 0.0, 1.0],
                    "selected": true,
                    "locked": false,
                    "visibility": false,
                    "positionStatus": "defined"
                },
                {
                    "id": "15",
                    "label": "Centerline curve (6)-15",
                    "description": "",
                    "associatedNodeID": "",
                    "position": [-28.26980209350586, 18.160310745239259, 1.335305094718933],
                    "orientation": [-1.0, -0.0, -0.0, -0.0, -1.0, -0.0, 0.0, 0.0, 1.0],
                    "selected": true,
                    "locked": false,
                    "visibility": false,
                    "positionStatus": "defined"
                },
                {
                    "id": "16",
                    "label": "Centerline curve (6)-16",
                    "description": "",
                    "associatedNodeID": "",
                    "position": [-27.571420669555665, 18.079174041748048, 0.6292175054550171],
                    "orientation": [-1.0, -0.0, -0.0, -0.0, -1.0, -0.0, 0.0, 0.0, 1.0],
                    "selected": true,
                    "locked": false,
                    "visibility": false,
                    "positionStatus": "defined"
                },
                {
                    "id": "17",
                    "label": "Centerline curve (6)-17",
                    "description": "",
                    "associatedNodeID": "",
                    "position": [-26.799304962158204, 18.038803100585939, -0.0034306379966437818],
                    "orientation": [-1.0, -0.0, -0.0, -0.0, -1.0, -0.0, 0.0, 0.0, 1.0],
                    "selected": true,
                    "locked": false,
                    "visibility": false,
                    "positionStatus": "defined"
                },
                {
                    "id": "18",
                    "label": "Centerline curve (6)-18",
                    "description": "",
                    "associatedNodeID": "",
                    "position": [-25.95618438720703, 17.869722366333009, -0.5337732434272766],
                    "orientation": [-1.0, -0.0, -0.0, -0.0, -1.0, -0.0, 0.0, 0.0, 1.0],
                    "selected": true,
                    "locked": false,
                    "visibility": false,
                    "positionStatus": "defined"
                },
                {
                    "id": "19",
                    "label": "Centerline curve (6)-19",
                    "description": "",
                    "associatedNodeID": "",
                    "position": [-25.152679443359376, 17.79121208190918, -1.1354446411132813],
                    "orientation": [-1.0, -0.0, -0.0, -0.0, -1.0, -0.0, 0.0, 0.0, 1.0],
                    "selected": true,
                    "locked": false,
                    "visibility": false,
                    "positionStatus": "defined"
                },
                {
                    "id": "20",
                    "label": "Centerline curve (6)-20",
                    "description": "",
                    "associatedNodeID": "",
                    "position": [-24.31900405883789, 17.730924606323243, -1.6962212324142457],
                    "orientation": [-1.0, -0.0, -0.0, -0.0, -1.0, -0.0, 0.0, 0.0, 1.0],
                    "selected": true,
                    "locked": false,
                    "visibility": false,
                    "positionStatus": "defined"
                },
                {
                    "id": "21",
                    "label": "Centerline curve (6)-21",
                    "description": "",
                    "associatedNodeID": "",
                    "position": [-23.471651077270509, 17.527713775634767, -2.2133100032806398],
                    "orientation": [-1.0, -0.0, -0.0, -0.0, -1.0, -0.0, 0.0, 0.0, 1.0],
                    "selected": true,
                    "locked": false,
                    "visibility": false,
                    "positionStatus": "defined"
                },
                {
                    "id": "22",
                    "label": "Centerline curve (6)-22",
                    "description": "",
                    "associatedNodeID": "",
                    "position": [-22.66897201538086, 17.59505271911621, -2.8140790462493898],
                    "orientation": [-1.0, -0.0, -0.0, -0.0, -1.0, -0.0, 0.0, 0.0, 1.0],
                    "selected": true,
                    "locked": false,
                    "visibility": false,
                    "positionStatus": "defined"
                },
                {
                    "id": "23",
                    "label": "Centerline curve (6)-23",
                    "description": "",
                    "associatedNodeID": "",
                    "position": [-21.858989715576173, 17.531566619873048, -3.397960901260376],
                    "orientation": [-1.0, -0.0, -0.0, -0.0, -1.0, -0.0, 0.0, 0.0, 1.0],
                    "selected": true,
                    "locked": false,
                    "visibility": false,
                    "positionStatus": "defined"
                },
                {
                    "id": "24",
                    "label": "Centerline curve (6)-24",
                    "description": "",
                    "associatedNodeID": "",
                    "position": [-21.006168365478517, 17.435161590576173, -3.9214489459991457],
                    "orientation": [-1.0, -0.0, -0.0, -0.0, -1.0, -0.0, 0.0, 0.0, 1.0],
                    "selected": true,
                    "locked": false,
                    "visibility": false,
                    "positionStatus": "defined"
                },
                {
                    "id": "25",
                    "label": "Centerline curve (6)-25",
                    "description": "",
                    "associatedNodeID": "",
                    "position": [-20.0821475982666, 17.39901351928711, -4.368147850036621],
                    "orientation": [-1.0, -0.0, -0.0, -0.0, -1.0, -0.0, 0.0, 0.0, 1.0],
                    "selected": true,
                    "locked": false,
                    "visibility": false,
                    "positionStatus": "defined"
                },
                {
                    "id": "26",
                    "label": "Centerline curve (6)-26",
                    "description": "",
                    "associatedNodeID": "",
                    "position": [-19.15360450744629, 17.46299171447754, -4.820382595062256],
                    "orientation": [-1.0, -0.0, -0.0, -0.0, -1.0, -0.0, 0.0, 0.0, 1.0],
                    "selected": true,
                    "locked": false,
                    "visibility": false,
                    "positionStatus": "defined"
                },
                {
                    "id": "27",
                    "label": "Centerline curve (6)-27",
                    "description": "",
                    "associatedNodeID": "",
                    "position": [-18.39015007019043, 17.80666732788086, -5.366063117980957],
                    "orientation": [-1.0, -0.0, -0.0, -0.0, -1.0, -0.0, 0.0, 0.0, 1.0],
                    "selected": true,
                    "locked": false,
                    "visibility": false,
                    "positionStatus": "defined"
                },
                {
                    "id": "28",
                    "label": "Centerline curve (6)-28",
                    "description": "",
                    "associatedNodeID": "",
                    "position": [-17.629724502563478, 17.892786026000978, -6.027996063232422],
                    "orientation": [-1.0, -0.0, -0.0, -0.0, -1.0, -0.0, 0.0, 0.0, 1.0],
                    "selected": true,
                    "locked": false,
                    "visibility": false,
                    "positionStatus": "defined"
                },
                {
                    "id": "29",
                    "label": "Centerline curve (6)-29",
                    "description": "",
                    "associatedNodeID": "",
                    "position": [-16.834199905395509, 17.804855346679689, -6.604597091674805],
                    "orientation": [-1.0, -0.0, -0.0, -0.0, -1.0, -0.0, 0.0, 0.0, 1.0],
                    "selected": true,
                    "locked": false,
                    "visibility": false,
                    "positionStatus": "defined"
                },
                {
                    "id": "30",
                    "label": "Centerline curve (6)-30",
                    "description": "",
                    "associatedNodeID": "",
                    "position": [-16.11248016357422, 17.46316146850586, -7.232369422912598],
                    "orientation": [-1.0, -0.0, -0.0, -0.0, -1.0, -0.0, 0.0, 0.0, 1.0],
                    "selected": true,
                    "locked": false,
                    "visibility": false,
                    "positionStatus": "defined"
                },
                {
                    "id": "31",
                    "label": "Centerline curve (6)-31",
                    "description": "",
                    "associatedNodeID": "",
                    "position": [-15.578374862670899, 17.08808708190918, -7.954946041107178],
                    "orientation": [-1.0, -0.0, -0.0, -0.0, -1.0, -0.0, 0.0, 0.0, 1.0],
                    "selected": true,
                    "locked": false,
                    "visibility": false,
                    "positionStatus": "defined"
                },
                {
                    "id": "32",
                    "label": "Centerline curve (6)-32",
                    "description": "",
                    "associatedNodeID": "",
                    "position": [-14.978631019592286, 16.847902297973634, -9.027694702148438],
                    "orientation": [-1.0, -0.0, -0.0, -0.0, -1.0, -0.0, 0.0, 0.0, 1.0],
                    "selected": true,
                    "locked": false,
                    "visibility": false,
                    "positionStatus": "defined"
                },
                {
                    "id": "33",
                    "label": "Centerline curve (6)-33",
                    "description": "",
                    "associatedNodeID": "",
                    "position": [-14.60046100616455, 16.849346160888673, -9.722087860107422],
                    "orientation": [-1.0, -0.0, -0.0, -0.0, -1.0, -0.0, 0.0, 0.0, 1.0],
                    "selected": true,
                    "locked": false,
                    "visibility": false,
                    "positionStatus": "defined"
                }
            ],
            "measurements": [
                {
                    "name": "length",
                    "enabled": false,
                    "units": "mm",
                    "printFormat": "%-#4.4g%s"
                },
                {
                    "name": "curvature mean",
                    "enabled": false,
                    "printFormat": "%5.3f %s"
                },
                {
                    "name": "curvature max",
                    "enabled": false,
                    "printFormat": "%5.3f %s"
                },
                {
                    "name": "Radius",
                    "enabled": true,
                    "units": "mm",
                    "controlPointValues": [
                        8.225275770169617,
                        5.21977402747172,
                        5.1210648047326459,
                        5.057048335968045,
                        5.010746598449535,
                        4.973108011748938,
                        4.8396492282557539,
                        4.693878273330289,
                        4.5452418751312149,
                        4.534721697804966,
                        4.502866354760278,
                        4.3800658554113849,
                        4.209510652099741,
                        4.132867092380189,
                        4.142342472129274,
                        4.183764532916449,
                        4.214526530154245,
                        4.2424287602485599,
                        4.311115021123672,
                        4.3421499793495859,
                        4.365857745805275,
                        4.430402630448763,
                        4.467541142930355,
                        4.481978483606852,
                        4.558785095817778,
                        4.676647587138226,
                        4.798031680133956,
                        4.738974537924911,
                        4.6480724172055158,
                        4.398701994068246,
                        3.9560937616169848,
                        3.640149945111034,
                        3.3735649642128808
                    ]
                }
            ],
            "display": {
                "visibility": true,
                "opacity": 1.0,
                "color": [0.4, 1.0, 1.0],
                "selectedColor": [0.20392156862745099, 0.12941176470588237, 0.4588235294117647],
                "activeColor": [0.4, 1.0, 0.0],
                "propertiesLabelVisibility": true,
                "pointLabelsVisibility": false,
                "textScale": 3.0,
                "glyphType": "Sphere3D",
                "glyphScale": 3.0,
                "glyphSize": 5.0,
                "useGlyphScale": true,
                "sliceProjection": false,
                "sliceProjectionUseFiducialColor": true,
                "sliceProjectionOutlinedBehindSlicePlane": false,
                "sliceProjectionColor": [1.0, 1.0, 1.0],
                "sliceProjectionOpacity": 0.6,
                "lineThickness": 0.2,
                "lineColorFadingStart": 1.0,
                "lineColorFadingEnd": 10.0,
                "lineColorFadingSaturation": 1.0,
                "lineColorFadingHueOffset": 0.0,
                "handlesInteractive": false,
                "translationHandleVisibility": true,
                "rotationHandleVisibility": true,
                "scaleHandleVisibility": true,
                "interactionHandleScale": 3.0,
                "snapMode": "toVisibleSurface"
            }
        }
    ]
}