{
    "@schema": "https://raw.githubusercontent.com/slicer/slicer/master/Modules/Loadable/Markups/Resources/Schema/markups-schema-v1.0.3.json#",
    "markups": [
        {
            "type": "Curve",
            "coordinateSystem": "LPS",
            "coordinateUnits": "mm",
            "locked": false,
            "fixedNumberOfControlPoints": false,
            "labelFormat": "%N-%d",
            "lastUsedControlPointNumber": 113,
            "controlPoints": [
                {
                    "id": "1",
                    "label": "Centerline curve (19)-1",
                    "description": "",
                    "associatedNodeID": "",
                    "position": [-430.11236572265627, 47.53695297241211, -34.466392517089847],
                    "orientation": [-1.0, -0.0, -0.0, -0.0, -1.0, -0.0, 0.0, 0.0, 1.0],
                    "selected": true,
                    "locked": false,
                    "visibility": false,
                    "positionStatus": "defined"
                },
                {
                    "id": "2",
                    "label": "Centerline curve (19)-2",
                    "description": "",
                    "associatedNodeID": "",
                    "position": [-430.8125305175781, 48.40363693237305, -31.598833084106447],
                    "orientation": [-1.0, -0.0, -0.0, -0.0, -1.0, -0.0, 0.0, 0.0, 1.0],
                    "selected": true,
                    "locked": false,
                    "visibility": false,
                    "positionStatus": "defined"
                },
                {
                    "id": "3",
                    "label": "Centerline curve (19)-3",
                    "description": "",
                    "associatedNodeID": "",
                    "position": [-431.0828552246094, 48.871002197265628, -30.749860763549806],
                    "orientation": [-1.0, -0.0, -0.0, -0.0, -1.0, -0.0, 0.0, 0.0, 1.0],
                    "selected": true,
                    "locked": false,
                    "visibility": false,
                    "positionStatus": "defined"
                },
                {
                    "id": "4",
                    "label": "Centerline curve (19)-4",
                    "description": "",
                    "associatedNodeID": "",
                    "position": [-431.2599182128906, 49.47983932495117, -29.961782455444337],
                    "orientation": [-1.0, -0.0, -0.0, -0.0, -1.0, -0.0, 0.0, 0.0, 1.0],
                    "selected": true,
                    "locked": false,
                    "visibility": false,
                    "positionStatus": "defined"
                },
                {
                    "id": "5",
                    "label": "Centerline curve (19)-5",
                    "description": "",
                    "associatedNodeID": "",
                    "position": [-431.5384826660156, 50.266170501708987, -29.400876998901368],
                    "orientation": [-1.0, -0.0, -0.0, -0.0, -1.0, -0.0, 0.0, 0.0, 1.0],
                    "selected": true,
                    "locked": false,
                    "visibility": false,
                    "positionStatus": "defined"
                },
                {
                    "id": "6",
                    "label": "Centerline curve (19)-6",
                    "description": "",
                    "associatedNodeID": "",
                    "position": [-431.7861328125, 50.995697021484378, -28.762968063354493],
                    "orientation": [-1.0, -0.0, -0.0, -0.0, -1.0, -0.0, 0.0, 0.0, 1.0],
                    "selected": true,
                    "locked": false,
                    "visibility": false,
                    "positionStatus": "defined"
                },
                {
                    "id": "7",
                    "label": "Centerline curve (19)-7",
                    "description": "",
                    "associatedNodeID": "",
                    "position": [-432.0386047363281, 51.85545349121094, -28.302560806274415],
                    "orientation": [-1.0, -0.0, -0.0, -0.0, -1.0, -0.0, 0.0, 0.0, 1.0],
                    "selected": true,
                    "locked": false,
                    "visibility": false,
                    "positionStatus": "defined"
                },
                {
                    "id": "8",
                    "label": "Centerline curve (19)-8",
                    "description": "",
                    "associatedNodeID": "",
                    "position": [-432.4462585449219, 52.685977935791019, -27.906614303588868],
                    "orientation": [-1.0, -0.0, -0.0, -0.0, -1.0, -0.0, 0.0, 0.0, 1.0],
                    "selected": true,
                    "locked": false,
                    "visibility": false,
                    "positionStatus": "defined"
                },
                {
                    "id": "9",
                    "label": "Centerline curve (19)-9",
                    "description": "",
                    "associatedNodeID": "",
                    "position": [-432.6781311035156, 53.648460388183597, -27.69643211364746],
                    "orientation": [-1.0, -0.0, -0.0, -0.0, -1.0, -0.0, 0.0, 0.0, 1.0],
                    "selected": true,
                    "locked": false,
                    "visibility": false,
                    "positionStatus": "defined"
                },
                {
                    "id": "10",
                    "label": "Centerline curve (19)-10",
                    "description": "",
                    "associatedNodeID": "",
                    "position": [-432.8870544433594, 54.62026596069336, -27.5220890045166],
                    "orientation": [-1.0, -0.0, -0.0, -0.0, -1.0, -0.0, 0.0, 0.0, 1.0],
                    "selected": true,
                    "locked": false,
                    "visibility": false,
                    "positionStatus": "defined"
                },
                {
                    "id": "11",
                    "label": "Centerline curve (19)-11",
                    "description": "",
                    "associatedNodeID": "",
                    "position": [-433.1053771972656, 55.591426849365237, -27.62183380126953],
                    "orientation": [-1.0, -0.0, -0.0, -0.0, -1.0, -0.0, 0.0, 0.0, 1.0],
                    "selected": true,
                    "locked": false,
                    "visibility": false,
                    "positionStatus": "defined"
                },
                {
                    "id": "12",
                    "label": "Centerline curve (19)-12",
                    "description": "",
                    "associatedNodeID": "",
                    "position": [-433.2398681640625, 56.561553955078128, -27.883913040161134],
                    "orientation": [-1.0, -0.0, -0.0, -0.0, -1.0, -0.0, 0.0, 0.0, 1.0],
                    "selected": true,
                    "locked": false,
                    "visibility": false,
                    "positionStatus": "defined"
                },
                {
                    "id": "13",
                    "label": "Centerline curve (19)-13",
                    "description": "",
                    "associatedNodeID": "",
                    "position": [-433.58135986328127, 57.494537353515628, -28.04986000061035],
                    "orientation": [-1.0, -0.0, -0.0, -0.0, -1.0, -0.0, 0.0, 0.0, 1.0],
                    "selected": true,
                    "locked": false,
                    "visibility": false,
                    "positionStatus": "defined"
                },
                {
                    "id": "14",
                    "label": "Centerline curve (19)-14",
                    "description": "",
                    "associatedNodeID": "",
                    "position": [-433.8997802734375, 58.44003677368164, -28.169898986816408],
                    "orientation": [-1.0, -0.0, -0.0, -0.0, -1.0, -0.0, 0.0, 0.0, 1.0],
                    "selected": true,
                    "locked": false,
                    "visibility": false,
                    "positionStatus": "defined"
                },
                {
                    "id": "15",
                    "label": "Centerline curve (19)-15",
                    "description": "",
                    "associatedNodeID": "",
                    "position": [-434.28717041015627, 59.34836959838867, -28.381967544555665],
                    "orientation": [-1.0, -0.0, -0.0, -0.0, -1.0, -0.0, 0.0, 0.0, 1.0],
                    "selected": true,
                    "locked": false,
                    "visibility": false,
                    "positionStatus": "defined"
                },
                {
                    "id": "16",
                    "label": "Centerline curve (19)-16",
                    "description": "",
                    "associatedNodeID": "",
                    "position": [-434.5693664550781, 60.30512619018555, -28.47093391418457],
                    "orientation": [-1.0, -0.0, -0.0, -0.0, -1.0, -0.0, 0.0, 0.0, 1.0],
                    "selected": true,
                    "locked": false,
                    "visibility": false,
                    "positionStatus": "defined"
                },
                {
                    "id": "17",
                    "label": "Centerline curve (19)-17",
                    "description": "",
                    "associatedNodeID": "",
                    "position": [-434.9148864746094, 61.21982192993164, -28.72225570678711],
                    "orientation": [-1.0, -0.0, -0.0, -0.0, -1.0, -0.0, 0.0, 0.0, 1.0],
                    "selected": true,
                    "locked": false,
                    "visibility": false,
                    "positionStatus": "defined"
                },
                {
                    "id": "18",
                    "label": "Centerline curve (19)-18",
                    "description": "",
                    "associatedNodeID": "",
                    "position": [-435.2377624511719, 62.14676284790039, -28.9536075592041],
                    "orientation": [-1.0, -0.0, -0.0, -0.0, -1.0, -0.0, 0.0, 0.0, 1.0],
                    "selected": true,
                    "locked": false,
                    "visibility": false,
                    "positionStatus": "defined"
                },
                {
                    "id": "19",
                    "label": "Centerline curve (19)-19",
                    "description": "",
                    "associatedNodeID": "",
                    "position": [-435.5938415527344, 63.07502746582031, -29.112707138061525],
                    "orientation": [-1.0, -0.0, -0.0, -0.0, -1.0, -0.0, 0.0, 0.0, 1.0],
                    "selected": true,
                    "locked": false,
                    "visibility": false,
                    "positionStatus": "defined"
                },
                {
                    "id": "20",
                    "label": "Centerline curve (19)-20",
                    "description": "",
                    "associatedNodeID": "",
                    "position": [-435.8819274902344, 64.02459716796875, -29.253217697143556],
                    "orientation": [-1.0, -0.0, -0.0, -0.0, -1.0, -0.0, 0.0, 0.0, 1.0],
                    "selected": true,
                    "locked": false,
                    "visibility": false,
                    "positionStatus": "defined"
                },
                {
                    "id": "21",
                    "label": "Centerline curve (19)-21",
                    "description": "",
                    "associatedNodeID": "",
                    "position": [-436.0660095214844, 65.01351928710938, -29.194290161132814],
                    "orientation": [-1.0, -0.0, -0.0, -0.0, -1.0, -0.0, 0.0, 0.0, 1.0],
                    "selected": true,
                    "locked": false,
                    "visibility": false,
                    "positionStatus": "defined"
                },
                {
                    "id": "22",
                    "label": "Centerline curve (19)-22",
                    "description": "",
                    "associatedNodeID": "",
                    "position": [-436.2284240722656, 66.01909637451172, -29.207368850708009],
                    "orientation": [-1.0, -0.0, -0.0, -0.0, -1.0, -0.0, 0.0, 0.0, 1.0],
                    "selected": true,
                    "locked": false,
                    "visibility": false,
                    "positionStatus": "defined"
                },
                {
                    "id": "23",
                    "label": "Centerline curve (19)-23",
                    "description": "",
                    "associatedNodeID": "",
                    "position": [-436.44879150390627, 67.0037841796875, -29.167404174804689],
                    "orientation": [-1.0, -0.0, -0.0, -0.0, -1.0, -0.0, 0.0, 0.0, 1.0],
                    "selected": true,
                    "locked": false,
                    "visibility": false,
                    "positionStatus": "defined"
                },
                {
                    "id": "24",
                    "label": "Centerline curve (19)-24",
                    "description": "",
                    "associatedNodeID": "",
                    "position": [-436.81982421875, 67.93440246582031, -29.191743850708009],
                    "orientation": [-1.0, -0.0, -0.0, -0.0, -1.0, -0.0, 0.0, 0.0, 1.0],
                    "selected": true,
                    "locked": false,
                    "visibility": false,
                    "positionStatus": "defined"
                },
                {
                    "id": "25",
                    "label": "Centerline curve (19)-25",
                    "description": "",
                    "associatedNodeID": "",
                    "position": [-436.9057312011719, 68.92194366455078, -29.046585083007814],
                    "orientation": [-1.0, -0.0, -0.0, -0.0, -1.0, -0.0, 0.0, 0.0, 1.0],
                    "selected": true,
                    "locked": false,
                    "visibility": false,
                    "positionStatus": "defined"
                },
                {
                    "id": "26",
                    "label": "Centerline curve (19)-26",
                    "description": "",
                    "associatedNodeID": "",
                    "position": [-437.01513671875, 69.89241790771485, -28.817548751831056],
                    "orientation": [-1.0, -0.0, -0.0, -0.0, -1.0, -0.0, 0.0, 0.0, 1.0],
                    "selected": true,
                    "locked": false,
                    "visibility": false,
                    "positionStatus": "defined"
                },
                {
                    "id": "27",
                    "label": "Centerline curve (19)-27",
                    "description": "",
                    "associatedNodeID": "",
                    "position": [-437.1390380859375, 70.85762023925781, -28.55331802368164],
                    "orientation": [-1.0, -0.0, -0.0, -0.0, -1.0, -0.0, 0.0, 0.0, 1.0],
                    "selected": true,
                    "locked": false,
                    "visibility": false,
                    "positionStatus": "defined"
                },
                {
                    "id": "28",
                    "label": "Centerline curve (19)-28",
                    "description": "",
                    "associatedNodeID": "",
                    "position": [-437.15020751953127, 71.76859283447266, -28.138927459716798],
                    "orientation": [-1.0, -0.0, -0.0, -0.0, -1.0, -0.0, 0.0, 0.0, 1.0],
                    "selected": true,
                    "locked": false,
                    "visibility": false,
                    "positionStatus": "defined"
                },
                {
                    "id": "29",
                    "label": "Centerline curve (19)-29",
                    "description": "",
                    "associatedNodeID": "",
                    "position": [-436.9441223144531, 72.58258819580078, -27.558452606201173],
                    "orientation": [-1.0, -0.0, -0.0, -0.0, -1.0, -0.0, 0.0, 0.0, 1.0],
                    "selected": true,
                    "locked": false,
                    "visibility": false,
                    "positionStatus": "defined"
                },
                {
                    "id": "30",
                    "label": "Centerline curve (19)-30",
                    "description": "",
                    "associatedNodeID": "",
                    "position": [-436.71807861328127, 73.459716796875, -27.132614135742189],
                    "orientation": [-1.0, -0.0, -0.0, -0.0, -1.0, -0.0, 0.0, 0.0, 1.0],
                    "selected": true,
                    "locked": false,
                    "visibility": false,
                    "positionStatus": "defined"
                },
                {
                    "id": "31",
                    "label": "Centerline curve (19)-31",
                    "description": "",
                    "associatedNodeID": "",
                    "position": [-436.3324890136719, 74.22645568847656, -26.608247756958009],
                    "orientation": [-1.0, -0.0, -0.0, -0.0, -1.0, -0.0, 0.0, 0.0, 1.0],
                    "selected": true,
                    "locked": false,
                    "visibility": false,
                    "positionStatus": "defined"
                },
                {
                    "id": "32",
                    "label": "Centerline curve (19)-32",
                    "description": "",
                    "associatedNodeID": "",
                    "position": [-436.10723876953127, 75.06524658203125, -26.09439468383789],
                    "orientation": [-1.0, -0.0, -0.0, -0.0, -1.0, -0.0, 0.0, 0.0, 1.0],
                    "selected": true,
                    "locked": false,
                    "visibility": false,
                    "positionStatus": "defined"
                },
                {
                    "id": "33",
                    "label": "Centerline curve (19)-33",
                    "description": "",
                    "associatedNodeID": "",
                    "position": [-435.9726257324219, 75.92179107666016, -25.595712661743165],
                    "orientation": [-1.0, -0.0, -0.0, -0.0, -1.0, -0.0, 0.0, 0.0, 1.0],
                    "selected": true,
                    "locked": false,
                    "visibility": false,
                    "positionStatus": "defined"
                },
                {
                    "id": "34",
                    "label": "Centerline curve (19)-34",
                    "description": "",
                    "associatedNodeID": "",
                    "position": [-435.6990051269531, 76.8275375366211, -25.22524070739746],
                    "orientation": [-1.0, -0.0, -0.0, -0.0, -1.0, -0.0, 0.0, 0.0, 1.0],
                    "selected": true,
                    "locked": false,
                    "visibility": false,
                    "positionStatus": "defined"
                },
                {
                    "id": "35",
                    "label": "Centerline curve (19)-35",
                    "description": "",
                    "associatedNodeID": "",
                    "position": [-435.1910400390625, 77.53369903564453, -24.700063705444337],
                    "orientation": [-1.0, -0.0, -0.0, -0.0, -1.0, -0.0, 0.0, 0.0, 1.0],
                    "selected": true,
                    "locked": false,
                    "visibility": false,
                    "positionStatus": "defined"
                },
                {
                    "id": "36",
                    "label": "Centerline curve (19)-36",
                    "description": "",
                    "associatedNodeID": "",
                    "position": [-434.67169189453127, 78.25657653808594, -24.235584259033204],
                    "orientation": [-1.0, -0.0, -0.0, -0.0, -1.0, -0.0, 0.0, 0.0, 1.0],
                    "selected": true,
                    "locked": false,
                    "visibility": false,
                    "positionStatus": "defined"
                },
                {
                    "id": "37",
                    "label": "Centerline curve (19)-37",
                    "description": "",
                    "associatedNodeID": "",
                    "position": [-434.16326904296877, 78.95478057861328, -23.727081298828126],
                    "orientation": [-1.0, -0.0, -0.0, -0.0, -1.0, -0.0, 0.0, 0.0, 1.0],
                    "selected": true,
                    "locked": false,
                    "visibility": false,
                    "positionStatus": "defined"
                },
                {
                    "id": "38",
                    "label": "Centerline curve (19)-38",
                    "description": "",
                    "associatedNodeID": "",
                    "position": [-433.6094665527344, 79.66861724853516, -23.307493209838868],
                    "orientation": [-1.0, -0.0, -0.0, -0.0, -1.0, -0.0, 0.0, 0.0, 1.0],
                    "selected": true,
                    "locked": false,
                    "visibility": false,
                    "positionStatus": "defined"
                },
                {
                    "id": "39",
                    "label": "Centerline curve (19)-39",
                    "description": "",
                    "associatedNodeID": "",
                    "position": [-433.11871337890627, 80.50208282470703, -22.983675003051759],
                    "orientation": [-1.0, -0.0, -0.0, -0.0, -1.0, -0.0, 0.0, 0.0, 1.0],
                    "selected": true,
                    "locked": false,
                    "visibility": false,
                    "positionStatus": "defined"
                },
                {
                    "id": "40",
                    "label": "Centerline curve (19)-40",
                    "description": "",
                    "associatedNodeID": "",
                    "position": [-432.6378479003906, 81.3355712890625, -22.693674087524415],
                    "orientation": [-1.0, -0.0, -0.0, -0.0, -1.0, -0.0, 0.0, 0.0, 1.0],
                    "selected": true,
                    "locked": false,
                    "visibility": false,
                    "positionStatus": "defined"
                },
                {
                    "id": "41",
                    "label": "Centerline curve (19)-41",
                    "description": "",
                    "associatedNodeID": "",
                    "position": [-431.9722900390625, 82.01573944091797, -22.34049415588379],
                    "orientation": [-1.0, -0.0, -0.0, -0.0, -1.0, -0.0, 0.0, 0.0, 1.0],
                    "selected": true,
                    "locked": false,
                    "visibility": false,
                    "positionStatus": "defined"
                },
                {
                    "id": "42",
                    "label": "Centerline curve (19)-42",
                    "description": "",
                    "associatedNodeID": "",
                    "position": [-431.4584045410156, 82.82892608642578, -22.05956268310547],
                    "orientation": [-1.0, -0.0, -0.0, -0.0, -1.0, -0.0, 0.0, 0.0, 1.0],
                    "selected": true,
                    "locked": false,
                    "visibility": false,
                    "positionStatus": "defined"
                },
                {
                    "id": "43",
                    "label": "Centerline curve (19)-43",
                    "description": "",
                    "associatedNodeID": "",
                    "position": [-430.9068908691406, 83.65631866455078, -21.853334426879884],
                    "orientation": [-1.0, -0.0, -0.0, -0.0, -1.0, -0.0, 0.0, 0.0, 1.0],
                    "selected": true,
                    "locked": false,
                    "visibility": false,
                    "positionStatus": "defined"
                },
                {
                    "id": "44",
                    "label": "Centerline curve (19)-44",
                    "description": "",
                    "associatedNodeID": "",
                    "position": [-430.2208557128906, 84.29719543457031, -21.495590209960939],
                    "orientation": [-1.0, -0.0, -0.0, -0.0, -1.0, -0.0, 0.0, 0.0, 1.0],
                    "selected": true,
                    "locked": false,
                    "visibility": false,
                    "positionStatus": "defined"
                },
                {
                    "id": "45",
                    "label": "Centerline curve (19)-45",
                    "description": "",
                    "associatedNodeID": "",
                    "position": [-429.7022399902344, 85.10661315917969, -21.194711685180665],
                    "orientation": [-1.0, -0.0, -0.0, -0.0, -1.0, -0.0, 0.0, 0.0, 1.0],
                    "selected": true,
                    "locked": false,
                    "visibility": false,
                    "positionStatus": "defined"
                },
                {
                    "id": "46",
                    "label": "Centerline curve (19)-46",
                    "description": "",
                    "associatedNodeID": "",
                    "position": [-429.07135009765627, 85.85548400878906, -20.9407901763916],
                    "orientation": [-1.0, -0.0, -0.0, -0.0, -1.0, -0.0, 0.0, 0.0, 1.0],
                    "selected": true,
                    "locked": false,
                    "visibility": false,
                    "positionStatus": "defined"
                },
                {
                    "id": "47",
                    "label": "Centerline curve (19)-47",
                    "description": "",
                    "associatedNodeID": "",
                    "position": [-428.4856872558594, 86.6515884399414, -20.794353485107423],
                    "orientation": [-1.0, -0.0, -0.0, -0.0, -1.0, -0.0, 0.0, 0.0, 1.0],
                    "selected": true,
                    "locked": false,
                    "visibility": false,
                    "positionStatus": "defined"
                },
                {
                    "id": "48",
                    "label": "Centerline curve (19)-48",
                    "description": "",
                    "associatedNodeID": "",
                    "position": [-427.888916015625, 87.42164611816406, -20.51223373413086],
                    "orientation": [-1.0, -0.0, -0.0, -0.0, -1.0, -0.0, 0.0, 0.0, 1.0],
                    "selected": true,
                    "locked": false,
                    "visibility": false,
                    "positionStatus": "defined"
                },
                {
                    "id": "49",
                    "label": "Centerline curve (19)-49",
                    "description": "",
                    "associatedNodeID": "",
                    "position": [-427.35845947265627, 88.25489807128906, -20.38409423828125],
                    "orientation": [-1.0, -0.0, -0.0, -0.0, -1.0, -0.0, 0.0, 0.0, 1.0],
                    "selected": true,
                    "locked": false,
                    "visibility": false,
                    "positionStatus": "defined"
                },
                {
                    "id": "50",
                    "label": "Centerline curve (19)-50",
                    "description": "",
                    "associatedNodeID": "",
                    "position": [-426.9861755371094, 89.16873168945313, -20.16294288635254],
                    "orientation": [-1.0, -0.0, -0.0, -0.0, -1.0, -0.0, 0.0, 0.0, 1.0],
                    "selected": true,
                    "locked": false,
                    "visibility": false,
                    "positionStatus": "defined"
                },
                {
                    "id": "51",
                    "label": "Centerline curve (19)-51",
                    "description": "",
                    "associatedNodeID": "",
                    "position": [-427.0043029785156, 90.12905883789063, -19.82864761352539],
                    "orientation": [-1.0, -0.0, -0.0, -0.0, -1.0, -0.0, 0.0, 0.0, 1.0],
                    "selected": true,
                    "locked": false,
                    "visibility": false,
                    "positionStatus": "defined"
                },
                {
                    "id": "52",
                    "label": "Centerline curve (19)-52",
                    "description": "",
                    "associatedNodeID": "",
                    "position": [-426.5772399902344, 91.02613830566406, -19.45937728881836],
                    "orientation": [-1.0, -0.0, -0.0, -0.0, -1.0, -0.0, 0.0, 0.0, 1.0],
                    "selected": true,
                    "locked": false,
                    "visibility": false,
                    "positionStatus": "defined"
                },
                {
                    "id": "53",
                    "label": "Centerline curve (19)-53",
                    "description": "",
                    "associatedNodeID": "",
                    "position": [-425.8919677734375, 91.73764038085938, -19.162546157836915],
                    "orientation": [-1.0, -0.0, -0.0, -0.0, -1.0, -0.0, 0.0, 0.0, 1.0],
                    "selected": true,
                    "locked": false,
                    "visibility": false,
                    "positionStatus": "defined"
                },
                {
                    "id": "54",
                    "label": "Centerline curve (19)-54",
                    "description": "",
                    "associatedNodeID": "",
                    "position": [-425.1917724609375, 92.302001953125, -18.698808670043947],
                    "orientation": [-1.0, -0.0, -0.0, -0.0, -1.0, -0.0, 0.0, 0.0, 1.0],
                    "selected": true,
                    "locked": false,
                    "visibility": false,
                    "positionStatus": "defined"
                },
                {
                    "id": "55",
                    "label": "Centerline curve (19)-55",
                    "description": "",
                    "associatedNodeID": "",
                    "position": [-424.54205322265627, 93.00086212158203, -18.37975311279297],
                    "orientation": [-1.0, -0.0, -0.0, -0.0, -1.0, -0.0, 0.0, 0.0, 1.0],
                    "selected": true,
                    "locked": false,
                    "visibility": false,
                    "positionStatus": "defined"
                },
                {
                    "id": "56",
                    "label": "Centerline curve (19)-56",
                    "description": "",
                    "associatedNodeID": "",
                    "position": [-424.12847900390627, 93.88113403320313, -18.11431884765625],
                    "orientation": [-1.0, -0.0, -0.0, -0.0, -1.0, -0.0, 0.0, 0.0, 1.0],
                    "selected": true,
                    "locked": false,
                    "visibility": false,
                    "positionStatus": "defined"
                },
                {
                    "id": "57",
                    "label": "Centerline curve (19)-57",
                    "description": "",
                    "associatedNodeID": "",
                    "position": [-423.6900329589844, 94.78211975097656, -17.977327346801759],
                    "orientation": [-1.0, -0.0, -0.0, -0.0, -1.0, -0.0, 0.0, 0.0, 1.0],
                    "selected": true,
                    "locked": false,
                    "visibility": false,
                    "positionStatus": "defined"
                },
                {
                    "id": "58",
                    "label": "Centerline curve (19)-58",
                    "description": "",
                    "associatedNodeID": "",
                    "position": [-422.97607421875, 95.44999694824219, -17.76368522644043],
                    "orientation": [-1.0, -0.0, -0.0, -0.0, -1.0, -0.0, 0.0, 0.0, 1.0],
                    "selected": true,
                    "locked": false,
                    "visibility": false,
                    "positionStatus": "defined"
                },
                {
                    "id": "59",
                    "label": "Centerline curve (19)-59",
                    "description": "",
                    "associatedNodeID": "",
                    "position": [-422.3743896484375, 96.26083374023438, -17.614530563354493],
                    "orientation": [-1.0, -0.0, -0.0, -0.0, -1.0, -0.0, 0.0, 0.0, 1.0],
                    "selected": true,
                    "locked": false,
                    "visibility": false,
                    "positionStatus": "defined"
                },
                {
                    "id": "60",
                    "label": "Centerline curve (19)-60",
                    "description": "",
                    "associatedNodeID": "",
                    "position": [-421.9239196777344, 97.06661987304688, -17.213455200195314],
                    "orientation": [-1.0, -0.0, -0.0, -0.0, -1.0, -0.0, 0.0, 0.0, 1.0],
                    "selected": true,
                    "locked": false,
                    "visibility": false,
                    "positionStatus": "defined"
                },
                {
                    "id": "61",
                    "label": "Centerline curve (19)-61",
                    "description": "",
                    "associatedNodeID": "",
                    "position": [-421.37164306640627, 97.73455810546875, -16.697988510131837],
                    "orientation": [-1.0, -0.0, -0.0, -0.0, -1.0, -0.0, 0.0, 0.0, 1.0],
                    "selected": true,
                    "locked": false,
                    "visibility": false,
                    "positionStatus": "defined"
                },
                {
                    "id": "62",
                    "label": "Centerline curve (19)-62",
                    "description": "",
                    "associatedNodeID": "",
                    "position": [-420.8491516113281, 98.57445526123047, -16.543245315551759],
                    "orientation": [-1.0, -0.0, -0.0, -0.0, -1.0, -0.0, 0.0, 0.0, 1.0],
                    "selected": true,
                    "locked": false,
                    "visibility": false,
                    "positionStatus": "defined"
                },
                {
                    "id": "63",
                    "label": "Centerline curve (19)-63",
                    "description": "",
                    "associatedNodeID": "",
                    "position": [-420.2301025390625, 99.32928466796875, -16.247783660888673],
                    "orientation": [-1.0, -0.0, -0.0, -0.0, -1.0, -0.0, 0.0, 0.0, 1.0],
                    "selected": true,
                    "locked": false,
                    "visibility": false,
                    "positionStatus": "defined"
                },
                {
                    "id": "64",
                    "label": "Centerline curve (19)-64",
                    "description": "",
                    "associatedNodeID": "",
                    "position": [-419.9490966796875, 100.24867248535156, -15.983341217041016],
                    "orientation": [-1.0, -0.0, -0.0, -0.0, -1.0, -0.0, 0.0, 0.0, 1.0],
                    "selected": true,
                    "locked": false,
                    "visibility": false,
                    "positionStatus": "defined"
                },
                {
                    "id": "65",
                    "label": "Centerline curve (19)-65",
                    "description": "",
                    "associatedNodeID": "",
                    "position": [-419.6096496582031, 101.16840362548828, -15.759647369384766],
                    "orientation": [-1.0, -0.0, -0.0, -0.0, -1.0, -0.0, 0.0, 0.0, 1.0],
                    "selected": true,
                    "locked": false,
                    "visibility": false,
                    "positionStatus": "defined"
                },
                {
                    "id": "66",
                    "label": "Centerline curve (19)-66",
                    "description": "",
                    "associatedNodeID": "",
                    "position": [-419.019287109375, 101.98811340332031, -15.485845565795899],
                    "orientation": [-1.0, -0.0, -0.0, -0.0, -1.0, -0.0, 0.0, 0.0, 1.0],
                    "selected": true,
                    "locked": false,
                    "visibility": false,
                    "positionStatus": "defined"
                },
                {
                    "id": "67",
                    "label": "Centerline curve (19)-67",
                    "description": "",
                    "associatedNodeID": "",
                    "position": [-418.763427734375, 102.93905639648438, -15.445954322814942],
                    "orientation": [-1.0, -0.0, -0.0, -0.0, -1.0, -0.0, 0.0, 0.0, 1.0],
                    "selected": true,
                    "locked": false,
                    "visibility": false,
                    "positionStatus": "defined"
                },
                {
                    "id": "68",
                    "label": "Centerline curve (19)-68",
                    "description": "",
                    "associatedNodeID": "",
                    "position": [-418.17218017578127, 103.72657012939453, -15.30937385559082],
                    "orientation": [-1.0, -0.0, -0.0, -0.0, -1.0, -0.0, 0.0, 0.0, 1.0],
                    "selected": true,
                    "locked": false,
                    "visibility": false,
                    "positionStatus": "defined"
                },
                {
                    "id": "69",
                    "label": "Centerline curve (19)-69",
                    "description": "",
                    "associatedNodeID": "",
                    "position": [-417.6071472167969, 104.49549102783203, -14.970685005187989],
                    "orientation": [-1.0, -0.0, -0.0, -0.0, -1.0, -0.0, 0.0, 0.0, 1.0],
                    "selected": true,
                    "locked": false,
                    "visibility": false,
                    "positionStatus": "defined"
                },
                {
                    "id": "70",
                    "label": "Centerline curve (19)-70",
                    "description": "",
                    "associatedNodeID": "",
                    "position": [-417.1979675292969, 105.37831115722656, -14.772887229919434],
                    "orientation": [-1.0, -0.0, -0.0, -0.0, -1.0, -0.0, 0.0, 0.0, 1.0],
                    "selected": true,
                    "locked": false,
                    "visibility": false,
                    "positionStatus": "defined"
                },
                {
                    "id": "71",
                    "label": "Centerline curve (19)-71",
                    "description": "",
                    "associatedNodeID": "",
                    "position": [-416.75665283203127, 106.23871612548828, -14.497322082519532],
                    "orientation": [-1.0, -0.0, -0.0, -0.0, -1.0, -0.0, 0.0, 0.0, 1.0],
                    "selected": true,
                    "locked": false,
                    "visibility": false,
                    "positionStatus": "defined"
                },
                {
                    "id": "72",
                    "label": "Centerline curve (19)-72",
                    "description": "",
                    "associatedNodeID": "",
                    "position": [-416.3328552246094, 107.15172576904297, -14.416385650634766],
                    "orientation": [-1.0, -0.0, -0.0, -0.0, -1.0, -0.0, 0.0, 0.0, 1.0],
                    "selected": true,
                    "locked": false,
                    "visibility": false,
                    "positionStatus": "defined"
                },
                {
                    "id": "73",
                    "label": "Centerline curve (19)-73",
                    "description": "",
                    "associatedNodeID": "",
                    "position": [-415.89862060546877, 108.05170440673828, -14.277496337890625],
                    "orientation": [-1.0, -0.0, -0.0, -0.0, -1.0, -0.0, 0.0, 0.0, 1.0],
                    "selected": true,
                    "locked": false,
                    "visibility": false,
                    "positionStatus": "defined"
                },
                {
                    "id": "74",
                    "label": "Centerline curve (19)-74",
                    "description": "",
                    "associatedNodeID": "",
                    "position": [-415.603515625, 108.99776458740235, -14.137313842773438],
                    "orientation": [-1.0, -0.0, -0.0, -0.0, -1.0, -0.0, 0.0, 0.0, 1.0],
                    "selected": true,
                    "locked": false,
                    "visibility": false,
                    "positionStatus": "defined"
                },
                {
                    "id": "75",
                    "label": "Centerline curve (19)-75",
                    "description": "",
                    "associatedNodeID": "",
                    "position": [-415.1878356933594, 109.88333892822266, -13.897065162658692],
                    "orientation": [-1.0, -0.0, -0.0, -0.0, -1.0, -0.0, 0.0, 0.0, 1.0],
                    "selected": true,
                    "locked": false,
                    "visibility": false,
                    "positionStatus": "defined"
                },
                {
                    "id": "76",
                    "label": "Centerline curve (19)-76",
                    "description": "",
                    "associatedNodeID": "",
                    "position": [-414.6229248046875, 110.67439270019531, -13.634476661682129],
                    "orientation": [-1.0, -0.0, -0.0, -0.0, -1.0, -0.0, 0.0, 0.0, 1.0],
                    "selected": true,
                    "locked": false,
                    "visibility": false,
                    "positionStatus": "defined"
                },
                {
                    "id": "77",
                    "label": "Centerline curve (19)-77",
                    "description": "",
                    "associatedNodeID": "",
                    "position": [-414.2364196777344, 111.5482177734375, -13.332968711853028],
                    "orientation": [-1.0, -0.0, -0.0, -0.0, -1.0, -0.0, 0.0, 0.0, 1.0],
                    "selected": true,
                    "locked": false,
                    "visibility": false,
                    "positionStatus": "defined"
                },
                {
                    "id": "78",
                    "label": "Centerline curve (19)-78",
                    "description": "",
                    "associatedNodeID": "",
                    "position": [-413.7528076171875, 112.41785430908203, -13.18545913696289],
                    "orientation": [-1.0, -0.0, -0.0, -0.0, -1.0, -0.0, 0.0, 0.0, 1.0],
                    "selected": true,
                    "locked": false,
                    "visibility": false,
                    "positionStatus": "defined"
                },
                {
                    "id": "79",
                    "label": "Centerline curve (19)-79",
                    "description": "",
                    "associatedNodeID": "",
                    "position": [-413.3801574707031, 113.29078674316406, -12.821548461914063],
                    "orientation": [-1.0, -0.0, -0.0, -0.0, -1.0, -0.0, 0.0, 0.0, 1.0],
                    "selected": true,
                    "locked": false,
                    "visibility": false,
                    "positionStatus": "defined"
                },
                {
                    "id": "80",
                    "label": "Centerline curve (19)-80",
                    "description": "",
                    "associatedNodeID": "",
                    "position": [-413.02850341796877, 114.21226501464844, -12.928069114685059],
                    "orientation": [-1.0, -0.0, -0.0, -0.0, -1.0, -0.0, 0.0, 0.0, 1.0],
                    "selected": true,
                    "locked": false,
                    "visibility": false,
                    "positionStatus": "defined"
                },
                {
                    "id": "81",
                    "label": "Centerline curve (19)-81",
                    "description": "",
                    "associatedNodeID": "",
                    "position": [-412.5489501953125, 115.06918334960938, -13.009276390075684],
                    "orientation": [-1.0, -0.0, -0.0, -0.0, -1.0, -0.0, 0.0, 0.0, 1.0],
                    "selected": true,
                    "locked": false,
                    "visibility": false,
                    "positionStatus": "defined"
                },
                {
                    "id": "82",
                    "label": "Centerline curve (19)-82",
                    "description": "",
                    "associatedNodeID": "",
                    "position": [-411.8843994140625, 115.86723327636719, -12.970344543457032],
                    "orientation": [-1.0, -0.0, -0.0, -0.0, -1.0, -0.0, 0.0, 0.0, 1.0],
                    "selected": true,
                    "locked": false,
                    "visibility": false,
                    "positionStatus": "defined"
                },
                {
                    "id": "83",
                    "label": "Centerline curve (19)-83",
                    "description": "",
                    "associatedNodeID": "",
                    "position": [-411.5738830566406, 116.79448699951172, -12.905150413513184],
                    "orientation": [-1.0, -0.0, -0.0, -0.0, -1.0, -0.0, 0.0, 0.0, 1.0],
                    "selected": true,
                    "locked": false,
                    "visibility": false,
                    "positionStatus": "defined"
                },
                {
                    "id": "84",
                    "label": "Centerline curve (19)-84",
                    "description": "",
                    "associatedNodeID": "",
                    "position": [-411.3601989746094, 117.79338073730469, -12.877694129943848],
                    "orientation": [-1.0, -0.0, -0.0, -0.0, -1.0, -0.0, 0.0, 0.0, 1.0],
                    "selected": true,
                    "locked": false,
                    "visibility": false,
                    "positionStatus": "defined"
                },
                {
                    "id": "85",
                    "label": "Centerline curve (19)-85",
                    "description": "",
                    "associatedNodeID": "",
                    "position": [-410.80950927734377, 118.59789276123047, -12.64819622039795],
                    "orientation": [-1.0, -0.0, -0.0, -0.0, -1.0, -0.0, 0.0, 0.0, 1.0],
                    "selected": true,
                    "locked": false,
                    "visibility": false,
                    "positionStatus": "defined"
                },
                {
                    "id": "86",
                    "label": "Centerline curve (19)-86",
                    "description": "",
                    "associatedNodeID": "",
                    "position": [-410.1617126464844, 119.37361145019531, -12.704248428344727],
                    "orientation": [-1.0, -0.0, -0.0, -0.0, -1.0, -0.0, 0.0, 0.0, 1.0],
                    "selected": true,
                    "locked": false,
                    "visibility": false,
                    "positionStatus": "defined"
                },
                {
                    "id": "87",
                    "label": "Centerline curve (19)-87",
                    "description": "",
                    "associatedNodeID": "",
                    "position": [-409.6142272949219, 120.18624877929688, -12.721294403076172],
                    "orientation": [-1.0, -0.0, -0.0, -0.0, -1.0, -0.0, 0.0, 0.0, 1.0],
                    "selected": true,
                    "locked": false,
                    "visibility": false,
                    "positionStatus": "defined"
                },
                {
                    "id": "88",
                    "label": "Centerline curve (19)-88",
                    "description": "",
                    "associatedNodeID": "",
                    "position": [-409.1108703613281, 121.05741119384766, -12.714717864990235],
                    "orientation": [-1.0, -0.0, -0.0, -0.0, -1.0, -0.0, 0.0, 0.0, 1.0],
                    "selected": true,
                    "locked": false,
                    "visibility": false,
                    "positionStatus": "defined"
                },
                {
                    "id": "89",
                    "label": "Centerline curve (19)-89",
                    "description": "",
                    "associatedNodeID": "",
                    "position": [-408.80426025390627, 121.97126007080078, -12.49790096282959],
                    "orientation": [-1.0, -0.0, -0.0, -0.0, -1.0, -0.0, 0.0, 0.0, 1.0],
                    "selected": true,
                    "locked": false,
                    "visibility": false,
                    "positionStatus": "defined"
                },
                {
                    "id": "90",
                    "label": "Centerline curve (19)-90",
                    "description": "",
                    "associatedNodeID": "",
                    "position": [-408.2383117675781, 122.79129028320313, -12.383825302124024],
                    "orientation": [-1.0, -0.0, -0.0, -0.0, -1.0, -0.0, 0.0, 0.0, 1.0],
                    "selected": true,
                    "locked": false,
                    "visibility": false,
                    "positionStatus": "defined"
                },
                {
                    "id": "91",
                    "label": "Centerline curve (19)-91",
                    "description": "",
                    "associatedNodeID": "",
                    "position": [-407.9749450683594, 123.75270080566406, -12.088541984558106],
                    "orientation": [-1.0, -0.0, -0.0, -0.0, -1.0, -0.0, 0.0, 0.0, 1.0],
                    "selected": true,
                    "locked": false,
                    "visibility": false,
                    "positionStatus": "defined"
                },
                {
                    "id": "92",
                    "label": "Centerline curve (19)-92",
                    "description": "",
                    "associatedNodeID": "",
                    "position": [-407.4828796386719, 124.60304260253906, -12.011963844299317],
                    "orientation": [-1.0, -0.0, -0.0, -0.0, -1.0, -0.0, 0.0, 0.0, 1.0],
                    "selected": true,
                    "locked": false,
                    "visibility": false,
                    "positionStatus": "defined"
                },
                {
                    "id": "93",
                    "label": "Centerline curve (19)-93",
                    "description": "",
                    "associatedNodeID": "",
                    "position": [-406.7527770996094, 125.17338562011719, -11.618675231933594],
                    "orientation": [-1.0, -0.0, -0.0, -0.0, -1.0, -0.0, 0.0, 0.0, 1.0],
                    "selected": true,
                    "locked": false,
                    "visibility": false,
                    "positionStatus": "defined"
                },
                {
                    "id": "94",
                    "label": "Centerline curve (19)-94",
                    "description": "",
                    "associatedNodeID": "",
                    "position": [-406.1023864746094, 125.86593627929688, -11.454946517944336],
                    "orientation": [-1.0, -0.0, -0.0, -0.0, -1.0, -0.0, 0.0, 0.0, 1.0],
                    "selected": true,
                    "locked": false,
                    "visibility": false,
                    "positionStatus": "defined"
                },
                {
                    "id": "95",
                    "label": "Centerline curve (19)-95",
                    "description": "",
                    "associatedNodeID": "",
                    "position": [-405.7085266113281, 126.75997161865235, -11.682405471801758],
                    "orientation": [-1.0, -0.0, -0.0, -0.0, -1.0, -0.0, 0.0, 0.0, 1.0],
                    "selected": true,
                    "locked": false,
                    "visibility": false,
                    "positionStatus": "defined"
                },
                {
                    "id": "96",
                    "label": "Centerline curve (19)-96",
                    "description": "",
                    "associatedNodeID": "",
                    "position": [-405.1149597167969, 127.55823516845703, -11.372346878051758],
                    "orientation": [-1.0, -0.0, -0.0, -0.0, -1.0, -0.0, 0.0, 0.0, 1.0],
                    "selected": true,
                    "locked": false,
                    "visibility": false,
                    "positionStatus": "defined"
                },
                {
                    "id": "97",
                    "label": "Centerline curve (19)-97",
                    "description": "",
                    "associatedNodeID": "",
                    "position": [-404.60797119140627, 128.3909149169922, -11.503846168518067],
                    "orientation": [-1.0, -0.0, -0.0, -0.0, -1.0, -0.0, 0.0, 0.0, 1.0],
                    "selected": true,
                    "locked": false,
                    "visibility": false,
                    "positionStatus": "defined"
                },
                {
                    "id": "98",
                    "label": "Centerline curve (19)-98",
                    "description": "",
                    "associatedNodeID": "",
                    "position": [-403.94366455078127, 129.17617797851563, -11.383828163146973],
                    "orientation": [-1.0, -0.0, -0.0, -0.0, -1.0, -0.0, 0.0, 0.0, 1.0],
                    "selected": true,
                    "locked": false,
                    "visibility": false,
                    "positionStatus": "defined"
                },
                {
                    "id": "99",
                    "label": "Centerline curve (19)-99",
                    "description": "",
                    "associatedNodeID": "",
                    "position": [-403.1797790527344, 129.77728271484376, -11.482794761657715],
                    "orientation": [-1.0, -0.0, -0.0, -0.0, -1.0, -0.0, 0.0, 0.0, 1.0],
                    "selected": true,
                    "locked": false,
                    "visibility": false,
                    "positionStatus": "defined"
                },
                {
                    "id": "100",
                    "label": "Centerline curve (19)-100",
                    "description": "",
                    "associatedNodeID": "",
                    "position": [-402.8115234375, 130.75634765625, -11.442215919494629],
                    "orientation": [-1.0, -0.0, -0.0, -0.0, -1.0, -0.0, 0.0, 0.0, 1.0],
                    "selected": true,
                    "locked": false,
                    "visibility": false,
                    "positionStatus": "defined"
                },
                {
                    "id": "101",
                    "label": "Centerline curve (19)-101",
                    "description": "",
                    "associatedNodeID": "",
                    "position": [-402.2718505859375, 131.58514404296876, -11.5559663772583],
                    "orientation": [-1.0, -0.0, -0.0, -0.0, -1.0, -0.0, 0.0, 0.0, 1.0],
                    "selected": true,
                    "locked": false,
                    "visibility": false,
                    "positionStatus": "defined"
                },
                {
                    "id": "102",
                    "label": "Centerline curve (19)-102",
                    "description": "",
                    "associatedNodeID": "",
                    "position": [-401.6869812011719, 132.38937377929688, -11.748475074768067],
                    "orientation": [-1.0, -0.0, -0.0, -0.0, -1.0, -0.0, 0.0, 0.0, 1.0],
                    "selected": true,
                    "locked": false,
                    "visibility": false,
                    "positionStatus": "defined"
                },
                {
                    "id": "103",
                    "label": "Centerline curve (19)-103",
                    "description": "",
                    "associatedNodeID": "",
                    "position": [-400.9797058105469, 133.1174774169922, -11.71247386932373],
                    "orientation": [-1.0, -0.0, -0.0, -0.0, -1.0, -0.0, 0.0, 0.0, 1.0],
                    "selected": true,
                    "locked": false,
                    "visibility": false,
                    "positionStatus": "defined"
                },
                {
                    "id": "104",
                    "label": "Centerline curve (19)-104",
                    "description": "",
                    "associatedNodeID": "",
                    "position": [-400.4229431152344, 133.92996215820313, -11.822245597839356],
                    "orientation": [-1.0, -0.0, -0.0, -0.0, -1.0, -0.0, 0.0, 0.0, 1.0],
                    "selected": true,
                    "locked": false,
                    "visibility": false,
                    "positionStatus": "defined"
                },
                {
                    "id": "105",
                    "label": "Centerline curve (19)-105",
                    "description": "",
                    "associatedNodeID": "",
                    "position": [-399.8608703613281, 134.74708557128907, -11.94454574584961],
                    "orientation": [-1.0, -0.0, -0.0, -0.0, -1.0, -0.0, 0.0, 0.0, 1.0],
                    "selected": true,
                    "locked": false,
                    "visibility": false,
                    "positionStatus": "defined"
                },
                {
                    "id": "106",
                    "label": "Centerline curve (19)-106",
                    "description": "",
                    "associatedNodeID": "",
                    "position": [-399.3038024902344, 135.56784057617188, -12.148523330688477],
                    "orientation": [-1.0, -0.0, -0.0, -0.0, -1.0, -0.0, 0.0, 0.0, 1.0],
                    "selected": true,
                    "locked": false,
                    "visibility": false,
                    "positionStatus": "defined"
                },
                {
                    "id": "107",
                    "label": "Centerline curve (19)-107",
                    "description": "",
                    "associatedNodeID": "",
                    "position": [-398.59625244140627, 136.27610778808595, -12.137700080871582],
                    "orientation": [-1.0, -0.0, -0.0, -0.0, -1.0, -0.0, 0.0, 0.0, 1.0],
                    "selected": true,
                    "locked": false,
                    "visibility": false,
                    "positionStatus": "defined"
                },
                {
                    "id": "108",
                    "label": "Centerline curve (19)-108",
                    "description": "",
                    "associatedNodeID": "",
                    "position": [-398.0990295410156, 137.14031982421876, -12.335105895996094],
                    "orientation": [-1.0, -0.0, -0.0, -0.0, -1.0, -0.0, 0.0, 0.0, 1.0],
                    "selected": true,
                    "locked": false,
                    "visibility": false,
                    "positionStatus": "defined"
                },
                {
                    "id": "109",
                    "label": "Centerline curve (19)-109",
                    "description": "",
                    "associatedNodeID": "",
                    "position": [-397.2173767089844, 137.49874877929688, -12.61333179473877],
                    "orientation": [-1.0, -0.0, -0.0, -0.0, -1.0, -0.0, 0.0, 0.0, 1.0],
                    "selected": true,
                    "locked": false,
                    "visibility": false,
                    "positionStatus": "defined"
                },
                {
                    "id": "110",
                    "label": "Centerline curve (19)-110",
                    "description": "",
                    "associatedNodeID": "",
                    "position": [-396.4932861328125, 138.13624572753907, -12.961895942687989],
                    "orientation": [-1.0, -0.0, -0.0, -0.0, -1.0, -0.0, 0.0, 0.0, 1.0],
                    "selected": true,
                    "locked": false,
                    "visibility": false,
                    "positionStatus": "defined"
                },
                {
                    "id": "111",
                    "label": "Centerline curve (19)-111",
                    "description": "",
                    "associatedNodeID": "",
                    "position": [-395.87530517578127, 138.9425506591797, -13.242753982543946],
                    "orientation": [-1.0, -0.0, -0.0, -0.0, -1.0, -0.0, 0.0, 0.0, 1.0],
                    "selected": true,
                    "locked": false,
                    "visibility": false,
                    "positionStatus": "defined"
                },
                {
                    "id": "112",
                    "label": "Centerline curve (19)-112",
                    "description": "",
                    "associatedNodeID": "",
                    "position": [-395.4542541503906, 139.81304931640626, -13.179078102111817],
                    "orientation": [-1.0, -0.0, -0.0, -0.0, -1.0, -0.0, 0.0, 0.0, 1.0],
                    "selected": true,
                    "locked": false,
                    "visibility": false,
                    "positionStatus": "defined"
                },
                {
                    "id": "113",
                    "label": "Centerline curve (19)-113",
                    "description": "",
                    "associatedNodeID": "",
                    "position": [-395.1923828125, 140.7356414794922, -13.406305313110352],
                    "orientation": [-1.0, -0.0, -0.0, -0.0, -1.0, -0.0, 0.0, 0.0, 1.0],
                    "selected": true,
                    "locked": false,
                    "visibility": false,
                    "positionStatus": "defined"
                }
            ],
            "measurements": [
                {
                    "name": "length",
                    "enabled": false,
                    "units": "mm",
                    "printFormat": "%-#4.4g%s"
                },
                {
                    "name": "curvature mean",
                    "enabled": false,
                    "printFormat": "%5.3f %s"
                },
                {
                    "name": "curvature max",
                    "enabled": false,
                    "printFormat": "%5.3f %s"
                },
                {
                    "name": "Radius",
                    "enabled": true,
                    "units": "mm",
                    "controlPointValues": [
                        4.16623031515916,
                        3.546564916608556,
                        3.447630900504829,
                        3.3217353349356166,
                        3.2833688807278058,
                        3.3001281374288387,
                        3.300502629764976,
                        3.3652801823138329,
                        3.36060912542938,
                        3.296437750902988,
                        3.142052972266001,
                        2.951443773956309,
                        2.8086629320901479,
                        2.7047364696045346,
                        2.5849301836734246,
                        2.5647043567855589,
                        2.541977477883104,
                        2.517220365080082,
                        2.530026931010921,
                        2.449295502101832,
                        2.382440199585958,
                        2.3986980808168298,
                        2.419916340604735,
                        2.4674702778366459,
                        2.4543323906425575,
                        2.432039957607219,
                        2.366825376995101,
                        2.3918519616725639,
                        2.48116159938884,
                        2.5540645846189564,
                        2.5597324682541817,
                        2.5402832002011839,
                        2.4577637799100398,
                        2.4442643874825995,
                        2.5787941472544206,
                        2.7341916884909098,
                        2.780285001050478,
                        2.825158851526528,
                        2.853976171790104,
                        2.8250287169740626,
                        2.838653645008382,
                        2.898174925912056,
                        2.8604948175996744,
                        2.8335484235783285,
                        2.746647735035152,
                        2.6461995801717275,
                        2.6115498195200179,
                        2.4749065656700015,
                        2.3255551714730267,
                        2.3687817319875936,
                        2.2457068321347837,
                        2.138105963514218,
                        2.083315551223306,
                        2.200553659511709,
                        2.241975931531928,
                        2.199280600489623,
                        2.1534156500346448,
                        2.016953283257665,
                        2.015516988950586,
                        2.0229469036166827,
                        1.999134512145732,
                        1.9032153035526847,
                        1.8290638582771944,
                        1.868075775885302,
                        2.013153216919098,
                        2.1299697636206749,
                        2.257204641210232,
                        2.2439710586819947,
                        2.1957712459894038,
                        2.194214201797452,
                        2.2264388540025594,
                        2.246968979850972,
                        2.2655351349215935,
                        2.2737257467541016,
                        2.2470634216323659,
                        2.18342179789563,
                        2.198145322925033,
                        2.107067662572575,
                        1.9661321022507954,
                        1.9525892488134616,
                        1.9159817551162739,
                        1.861802822146546,
                        1.913863589809472,
                        1.9590820716425,
                        1.7968929020588536,
                        1.8286057507155745,
                        1.7013861227916015,
                        1.7052437125709237,
                        1.778324724617385,
                        1.7371650289618617,
                        1.7499922926852092,
                        1.747956298304824,
                        1.9183532832644264,
                        2.084052801935269,
                        2.175889067089282,
                        2.339854768634904,
                        2.343683449528764,
                        2.246957771021205,
                        2.203492651546422,
                        2.184261543779214,
                        2.1827375088022378,
                        2.1059634920710188,
                        2.1617577387610424,
                        2.2236432456706756,
                        2.1913328490831125,
                        2.187726075704121,
                        2.294465139206878,
                        2.5486804903150888,
                        2.2309126869156046,
                        2.0728385699829445,
                        2.135710774055361,
                        2.2010233860320107,
                        2.0382649320422625
                    ]
                }
            ],
            "display": {
                "visibility": true,
                "opacity": 1.0,
                "color": [0.4, 1.0, 1.0],
                "selectedColor": [0.7843137254901961, 0.48627450980392158, 0.5647058823529412],
                "activeColor": [0.4, 1.0, 0.0],
                "propertiesLabelVisibility": true,
                "pointLabelsVisibility": false,
                "textScale": 3.0,
                "glyphType": "Sphere3D",
                "glyphScale": 3.0,
                "glyphSize": 5.0,
                "useGlyphScale": true,
                "sliceProjection": false,
                "sliceProjectionUseFiducialColor": true,
                "sliceProjectionOutlinedBehindSlicePlane": false,
                "sliceProjectionColor": [1.0, 1.0, 1.0],
                "sliceProjectionOpacity": 0.6,
                "lineThickness": 0.2,
                "lineColorFadingStart": 1.0,
                "lineColorFadingEnd": 10.0,
                "lineColorFadingSaturation": 1.0,
                "lineColorFadingHueOffset": 0.0,
                "handlesInteractive": false,
                "translationHandleVisibility": true,
                "rotationHandleVisibility": true,
                "scaleHandleVisibility": true,
                "interactionHandleScale": 3.0,
                "snapMode": "toVisibleSurface"
            }
        }
    ]
}