{
    "@schema": "https://raw.githubusercontent.com/slicer/slicer/master/Modules/Loadable/Markups/Resources/Schema/markups-schema-v1.0.3.json#",
    "markups": [
        {
            "type": "Curve",
            "coordinateSystem": "LPS",
            "coordinateUnits": "mm",
            "locked": false,
            "fixedNumberOfControlPoints": false,
            "labelFormat": "%N-%d",
            "lastUsedControlPointNumber": 31,
            "controlPoints": [
                {
                    "id": "1",
                    "label": "Centerline curve (0)-1",
                    "description": "",
                    "associatedNodeID": "",
                    "position": [-367.5439758300781, 3.8885436058044435, -10.231470108032227],
                    "orientation": [-1.0, -0.0, -0.0, -0.0, -1.0, -0.0, 0.0, 0.0, 1.0],
                    "selected": true,
                    "locked": false,
                    "visibility": false,
                    "positionStatus": "defined"
                },
                {
                    "id": "2",
                    "label": "Centerline curve (0)-2",
                    "description": "",
                    "associatedNodeID": "",
                    "position": [-368.1986999511719, 4.799806118011475, -10.214402198791504],
                    "orientation": [-1.0, -0.0, -0.0, -0.0, -1.0, -0.0, 0.0, 0.0, 1.0],
                    "selected": true,
                    "locked": false,
                    "visibility": false,
                    "positionStatus": "defined"
                },
                {
                    "id": "3",
                    "label": "Centerline curve (0)-3",
                    "description": "",
                    "associatedNodeID": "",
                    "position": [-368.67608642578127, 5.602631092071533, -10.024651527404786],
                    "orientation": [-1.0, -0.0, -0.0, -0.0, -1.0, -0.0, 0.0, 0.0, 1.0],
                    "selected": true,
                    "locked": false,
                    "visibility": false,
                    "positionStatus": "defined"
                },
                {
                    "id": "4",
                    "label": "Centerline curve (0)-4",
                    "description": "",
                    "associatedNodeID": "",
                    "position": [-369.2592468261719, 6.429816246032715, -9.935330390930176],
                    "orientation": [-1.0, -0.0, -0.0, -0.0, -1.0, -0.0, 0.0, 0.0, 1.0],
                    "selected": true,
                    "locked": false,
                    "visibility": false,
                    "positionStatus": "defined"
                },
                {
                    "id": "5",
                    "label": "Centerline curve (0)-5",
                    "description": "",
                    "associatedNodeID": "",
                    "position": [-369.8030700683594, 7.3276567459106449, -10.047945022583008],
                    "orientation": [-1.0, -0.0, -0.0, -0.0, -1.0, -0.0, 0.0, 0.0, 1.0],
                    "selected": true,
                    "locked": false,
                    "visibility": false,
                    "positionStatus": "defined"
                },
                {
                    "id": "6",
                    "label": "Centerline curve (0)-6",
                    "description": "",
                    "associatedNodeID": "",
                    "position": [-370.29913330078127, 8.230266571044922, -10.05827808380127],
                    "orientation": [-1.0, -0.0, -0.0, -0.0, -1.0, -0.0, 0.0, 0.0, 1.0],
                    "selected": true,
                    "locked": false,
                    "visibility": false,
                    "positionStatus": "defined"
                },
                {
                    "id": "7",
                    "label": "Centerline curve (0)-7",
                    "description": "",
                    "associatedNodeID": "",
                    "position": [-370.8002624511719, 9.129146575927735, -10.08255386352539],
                    "orientation": [-1.0, -0.0, -0.0, -0.0, -1.0, -0.0, 0.0, 0.0, 1.0],
                    "selected": true,
                    "locked": false,
                    "visibility": false,
                    "positionStatus": "defined"
                },
                {
                    "id": "8",
                    "label": "Centerline curve (0)-8",
                    "description": "",
                    "associatedNodeID": "",
                    "position": [-371.2480163574219, 10.038026809692383, -10.320886611938477],
                    "orientation": [-1.0, -0.0, -0.0, -0.0, -1.0, -0.0, 0.0, 0.0, 1.0],
                    "selected": true,
                    "locked": false,
                    "visibility": false,
                    "positionStatus": "defined"
                },
                {
                    "id": "9",
                    "label": "Centerline curve (0)-9",
                    "description": "",
                    "associatedNodeID": "",
                    "position": [-371.75555419921877, 10.922273635864258, -10.498257637023926],
                    "orientation": [-1.0, -0.0, -0.0, -0.0, -1.0, -0.0, 0.0, 0.0, 1.0],
                    "selected": true,
                    "locked": false,
                    "visibility": false,
                    "positionStatus": "defined"
                },
                {
                    "id": "10",
                    "label": "Centerline curve (0)-10",
                    "description": "",
                    "associatedNodeID": "",
                    "position": [-372.516845703125, 11.607123374938965, -10.56057071685791],
                    "orientation": [-1.0, -0.0, -0.0, -0.0, -1.0, -0.0, 0.0, 0.0, 1.0],
                    "selected": true,
                    "locked": false,
                    "visibility": false,
                    "positionStatus": "defined"
                },
                {
                    "id": "11",
                    "label": "Centerline curve (0)-11",
                    "description": "",
                    "associatedNodeID": "",
                    "position": [-373.32476806640627, 12.203386306762696, -10.826570510864258],
                    "orientation": [-1.0, -0.0, -0.0, -0.0, -1.0, -0.0, 0.0, 0.0, 1.0],
                    "selected": true,
                    "locked": false,
                    "visibility": false,
                    "positionStatus": "defined"
                },
                {
                    "id": "12",
                    "label": "Centerline curve (0)-12",
                    "description": "",
                    "associatedNodeID": "",
                    "position": [-374.1004943847656, 12.857766151428223, -11.026482582092286],
                    "orientation": [-1.0, -0.0, -0.0, -0.0, -1.0, -0.0, 0.0, 0.0, 1.0],
                    "selected": true,
                    "locked": false,
                    "visibility": false,
                    "positionStatus": "defined"
                },
                {
                    "id": "13",
                    "label": "Centerline curve (0)-13",
                    "description": "",
                    "associatedNodeID": "",
                    "position": [-374.8649597167969, 13.52212905883789, -11.240643501281739],
                    "orientation": [-1.0, -0.0, -0.0, -0.0, -1.0, -0.0, 0.0, 0.0, 1.0],
                    "selected": true,
                    "locked": false,
                    "visibility": false,
                    "positionStatus": "defined"
                },
                {
                    "id": "14",
                    "label": "Centerline curve (0)-14",
                    "description": "",
                    "associatedNodeID": "",
                    "position": [-375.6554260253906, 14.155211448669434, -11.454307556152344],
                    "orientation": [-1.0, -0.0, -0.0, -0.0, -1.0, -0.0, 0.0, 0.0, 1.0],
                    "selected": true,
                    "locked": false,
                    "visibility": false,
                    "positionStatus": "defined"
                },
                {
                    "id": "15",
                    "label": "Centerline curve (0)-15",
                    "description": "",
                    "associatedNodeID": "",
                    "position": [-376.4261779785156, 14.82638168334961, -11.616293907165528],
                    "orientation": [-1.0, -0.0, -0.0, -0.0, -1.0, -0.0, 0.0, 0.0, 1.0],
                    "selected": true,
                    "locked": false,
                    "visibility": false,
                    "positionStatus": "defined"
                },
                {
                    "id": "16",
                    "label": "Centerline curve (0)-16",
                    "description": "",
                    "associatedNodeID": "",
                    "position": [-377.15606689453127, 15.525899887084961, -11.838725090026856],
                    "orientation": [-1.0, -0.0, -0.0, -0.0, -1.0, -0.0, 0.0, 0.0, 1.0],
                    "selected": true,
                    "locked": false,
                    "visibility": false,
                    "positionStatus": "defined"
                },
                {
                    "id": "17",
                    "label": "Centerline curve (0)-17",
                    "description": "",
                    "associatedNodeID": "",
                    "position": [-377.9256286621094, 16.18763542175293, -12.02534294128418],
                    "orientation": [-1.0, -0.0, -0.0, -0.0, -1.0, -0.0, 0.0, 0.0, 1.0],
                    "selected": true,
                    "locked": false,
                    "visibility": false,
                    "positionStatus": "defined"
                },
                {
                    "id": "18",
                    "label": "Centerline curve (0)-18",
                    "description": "",
                    "associatedNodeID": "",
                    "position": [-378.6977844238281, 16.816015243530275, -12.282992362976075],
                    "orientation": [-1.0, -0.0, -0.0, -0.0, -1.0, -0.0, 0.0, 0.0, 1.0],
                    "selected": true,
                    "locked": false,
                    "visibility": false,
                    "positionStatus": "defined"
                },
                {
                    "id": "19",
                    "label": "Centerline curve (0)-19",
                    "description": "",
                    "associatedNodeID": "",
                    "position": [-379.4560241699219, 17.468238830566408, -12.549762725830079],
                    "orientation": [-1.0, -0.0, -0.0, -0.0, -1.0, -0.0, 0.0, 0.0, 1.0],
                    "selected": true,
                    "locked": false,
                    "visibility": false,
                    "positionStatus": "defined"
                },
                {
                    "id": "20",
                    "label": "Centerline curve (0)-20",
                    "description": "",
                    "associatedNodeID": "",
                    "position": [-380.2402038574219, 18.08720588684082, -12.772721290588379],
                    "orientation": [-1.0, -0.0, -0.0, -0.0, -1.0, -0.0, 0.0, 0.0, 1.0],
                    "selected": true,
                    "locked": false,
                    "visibility": false,
                    "positionStatus": "defined"
                },
                {
                    "id": "21",
                    "label": "Centerline curve (0)-21",
                    "description": "",
                    "associatedNodeID": "",
                    "position": [-380.981689453125, 18.68680763244629, -13.000910758972168],
                    "orientation": [-1.0, -0.0, -0.0, -0.0, -1.0, -0.0, 0.0, 0.0, 1.0],
                    "selected": true,
                    "locked": false,
                    "visibility": false,
                    "positionStatus": "defined"
                },
                {
                    "id": "22",
                    "label": "Centerline curve (0)-22",
                    "description": "",
                    "associatedNodeID": "",
                    "position": [-384.7000427246094, 23.205303192138673, -15.747021675109864],
                    "orientation": [-1.0, -0.0, -0.0, -0.0, -1.0, -0.0, 0.0, 0.0, 1.0],
                    "selected": true,
                    "locked": false,
                    "visibility": false,
                    "positionStatus": "defined"
                },
                {
                    "id": "23",
                    "label": "Centerline curve (1)-1",
                    "description": "",
                    "associatedNodeID": "",
                    "position": [-384.7000427246094, 23.205303192138673, -15.747021675109864],
                    "orientation": [-1.0, -0.0, -0.0, -0.0, -1.0, -0.0, 0.0, 0.0, 1.0],
                    "selected": true,
                    "locked": false,
                    "visibility": false,
                    "positionStatus": "defined"
                },
                {
                    "id": "24",
                    "label": "Centerline curve (1)-2",
                    "description": "",
                    "associatedNodeID": "",
                    "position": [-389.5544128417969, 38.86578369140625, -25.528837203979493],
                    "orientation": [-1.0, -0.0, -0.0, -0.0, -1.0, -0.0, 0.0, 0.0, 1.0],
                    "selected": true,
                    "locked": false,
                    "visibility": false,
                    "positionStatus": "defined"
                },
                {
                    "id": "25",
                    "label": "Centerline curve (1)-3",
                    "description": "",
                    "associatedNodeID": "",
                    "position": [-389.8318786621094, 39.690486907958987, -26.231096267700197],
                    "orientation": [-1.0, -0.0, -0.0, -0.0, -1.0, -0.0, 0.0, 0.0, 1.0],
                    "selected": true,
                    "locked": false,
                    "visibility": false,
                    "positionStatus": "defined"
                },
                {
                    "id": "26",
                    "label": "Centerline curve (1)-4",
                    "description": "",
                    "associatedNodeID": "",
                    "position": [-390.0442810058594, 40.46466827392578, -26.912986755371095],
                    "orientation": [-1.0, -0.0, -0.0, -0.0, -1.0, -0.0, 0.0, 0.0, 1.0],
                    "selected": true,
                    "locked": false,
                    "visibility": false,
                    "positionStatus": "defined"
                },
                {
                    "id": "27",
                    "label": "Centerline curve (1)-5",
                    "description": "",
                    "associatedNodeID": "",
                    "position": [-390.20526123046877, 41.1204719543457, -27.4840145111084],
                    "orientation": [-1.0, -0.0, -0.0, -0.0, -1.0, -0.0, 0.0, 0.0, 1.0],
                    "selected": true,
                    "locked": false,
                    "visibility": false,
                    "positionStatus": "defined"
                },
                {
                    "id": "28",
                    "label": "Centerline curve (1)-6",
                    "description": "",
                    "associatedNodeID": "",
                    "position": [-390.4114074707031, 41.84366989135742, -28.11578369140625],
                    "orientation": [-1.0, -0.0, -0.0, -0.0, -1.0, -0.0, 0.0, 0.0, 1.0],
                    "selected": true,
                    "locked": false,
                    "visibility": false,
                    "positionStatus": "defined"
                },
                {
                    "id": "29",
                    "label": "Centerline curve (1)-7",
                    "description": "",
                    "associatedNodeID": "",
                    "position": [-390.66009521484377, 42.561485290527347, -28.96755027770996],
                    "orientation": [-1.0, -0.0, -0.0, -0.0, -1.0, -0.0, 0.0, 0.0, 1.0],
                    "selected": true,
                    "locked": false,
                    "visibility": false,
                    "positionStatus": "defined"
                },
                {
                    "id": "30",
                    "label": "Centerline curve (1)-8",
                    "description": "",
                    "associatedNodeID": "",
                    "position": [-390.9823913574219, 43.120506286621097, -29.58868980407715],
                    "orientation": [-1.0, -0.0, -0.0, -0.0, -1.0, -0.0, 0.0, 0.0, 1.0],
                    "selected": true,
                    "locked": false,
                    "visibility": false,
                    "positionStatus": "defined"
                },
                {
                    "id": "31",
                    "label": "Centerline curve (1)-9",
                    "description": "",
                    "associatedNodeID": "",
                    "position": [-391.95465087890627, 46.66441345214844, -33.90648651123047],
                    "orientation": [-1.0, -0.0, -0.0, -0.0, -1.0, -0.0, 0.0, 0.0, 1.0],
                    "selected": true,
                    "locked": false,
                    "visibility": false,
                    "positionStatus": "defined"
                }
            ],
            "measurements": [
                {
                    "name": "length",
                    "enabled": false,
                    "units": "mm",
                    "printFormat": "%-#4.4g%s"
                },
                {
                    "name": "curvature mean",
                    "enabled": false,
                    "printFormat": "%5.3f %s"
                },
                {
                    "name": "curvature max",
                    "enabled": false,
                    "printFormat": "%5.3f %s"
                },
                {
                    "name": "Radius",
                    "enabled": true,
                    "units": "mm",
                    "controlPointValues": [
                        10.39783464060149,
                        10.90436341331553,
                        11.394390453279991,
                        11.896547166753694,
                        12.383271997267329,
                        12.829176801593889,
                        13.268626185621708,
                        13.699966755367788,
                        14.134540724644748,
                        14.249212343126299,
                        14.269760318148219,
                        14.294894099287975,
                        14.307871390103989,
                        14.32234361352921,
                        14.354632869302034,
                        14.383421616852982,
                        14.449093132777023,
                        14.506794552726227,
                        14.571579048754444,
                        14.655133491620467,
                        14.68448985540285,
                        14.68448985540285,
                        14.68448985540285,
                        12.353539812293848,
                        12.324920336275376,
                        12.388140480843705,
                        12.451959916290554,
                        12.540148231202839,
                        12.598985521272445,
                        12.629050113043619,
                        12.629050113043619
                    ]
                }
            ],
            "display": {
                "visibility": true,
                "opacity": 1.0,
                "color": [0.4, 1.0, 1.0],
                "selectedColor": [1.0, 0.5000076295109484, 0.5000076295109484],
                "activeColor": [0.4, 1.0, 0.0],
                "propertiesLabelVisibility": true,
                "pointLabelsVisibility": false,
                "textScale": 3.0,
                "glyphType": "Sphere3D",
                "glyphScale": 3.0,
                "glyphSize": 5.0,
                "useGlyphScale": true,
                "sliceProjection": false,
                "sliceProjectionUseFiducialColor": true,
                "sliceProjectionOutlinedBehindSlicePlane": false,
                "sliceProjectionColor": [1.0, 1.0, 1.0],
                "sliceProjectionOpacity": 0.6,
                "lineThickness": 0.2,
                "lineColorFadingStart": 1.0,
                "lineColorFadingEnd": 10.0,
                "lineColorFadingSaturation": 1.0,
                "lineColorFadingHueOffset": 0.0,
                "handlesInteractive": false,
                "translationHandleVisibility": true,
                "rotationHandleVisibility": true,
                "scaleHandleVisibility": true,
                "interactionHandleScale": 3.0,
                "snapMode": "toVisibleSurface"
            }
        }
    ]
}