{
    "@schema": "https://raw.githubusercontent.com/slicer/slicer/master/Modules/Loadable/Markups/Resources/Schema/markups-schema-v1.0.3.json#",
    "markups": [
        {
            "type": "Curve",
            "coordinateSystem": "LPS",
            "coordinateUnits": "mm",
            "locked": false,
            "fixedNumberOfControlPoints": false,
            "labelFormat": "%N-%d",
            "lastUsedControlPointNumber": 29,
            "controlPoints": [
                {
                    "id": "1",
                    "label": "Centerline curve (15)-1",
                    "description": "",
                    "associatedNodeID": "",
                    "position": [-595.3023681640625, 21.17158317565918, 7.305690765380859],
                    "orientation": [-1.0, -0.0, -0.0, -0.0, -1.0, -0.0, 0.0, 0.0, 1.0],
                    "selected": true,
                    "locked": false,
                    "visibility": false,
                    "positionStatus": "defined"
                },
                {
                    "id": "2",
                    "label": "Centerline curve (15)-2",
                    "description": "",
                    "associatedNodeID": "",
                    "position": [-594.5078125, 20.593996047973634, 5.7233052253723148],
                    "orientation": [-1.0, -0.0, -0.0, -0.0, -1.0, -0.0, 0.0, 0.0, 1.0],
                    "selected": true,
                    "locked": false,
                    "visibility": false,
                    "positionStatus": "defined"
                },
                {
                    "id": "3",
                    "label": "Centerline curve (15)-3",
                    "description": "",
                    "associatedNodeID": "",
                    "position": [-594.4166870117188, 19.96017074584961, 4.883008003234863],
                    "orientation": [-1.0, -0.0, -0.0, -0.0, -1.0, -0.0, 0.0, 0.0, 1.0],
                    "selected": true,
                    "locked": false,
                    "visibility": false,
                    "positionStatus": "defined"
                },
                {
                    "id": "4",
                    "label": "Centerline curve (15)-4",
                    "description": "",
                    "associatedNodeID": "",
                    "position": [-594.8292236328125, 19.526161193847658, 4.085093975067139],
                    "orientation": [-1.0, -0.0, -0.0, -0.0, -1.0, -0.0, 0.0, 0.0, 1.0],
                    "selected": true,
                    "locked": false,
                    "visibility": false,
                    "positionStatus": "defined"
                },
                {
                    "id": "5",
                    "label": "Centerline curve (15)-5",
                    "description": "",
                    "associatedNodeID": "",
                    "position": [-595.3165893554688, 19.196622848510743, 3.2350409030914308],
                    "orientation": [-1.0, -0.0, -0.0, -0.0, -1.0, -0.0, 0.0, 0.0, 1.0],
                    "selected": true,
                    "locked": false,
                    "visibility": false,
                    "positionStatus": "defined"
                },
                {
                    "id": "6",
                    "label": "Centerline curve (15)-6",
                    "description": "",
                    "associatedNodeID": "",
                    "position": [-595.7655029296875, 18.962018966674806, 2.3424124717712404],
                    "orientation": [-1.0, -0.0, -0.0, -0.0, -1.0, -0.0, 0.0, 0.0, 1.0],
                    "selected": true,
                    "locked": false,
                    "visibility": false,
                    "positionStatus": "defined"
                },
                {
                    "id": "7",
                    "label": "Centerline curve (15)-7",
                    "description": "",
                    "associatedNodeID": "",
                    "position": [-596.3709716796875, 18.717243194580079, 1.5496699810028077],
                    "orientation": [-1.0, -0.0, -0.0, -0.0, -1.0, -0.0, 0.0, 0.0, 1.0],
                    "selected": true,
                    "locked": false,
                    "visibility": false,
                    "positionStatus": "defined"
                },
                {
                    "id": "8",
                    "label": "Centerline curve (15)-8",
                    "description": "",
                    "associatedNodeID": "",
                    "position": [-597.106201171875, 18.52541732788086, 0.8718525171279907],
                    "orientation": [-1.0, -0.0, -0.0, -0.0, -1.0, -0.0, 0.0, 0.0, 1.0],
                    "selected": true,
                    "locked": false,
                    "visibility": false,
                    "positionStatus": "defined"
                },
                {
                    "id": "9",
                    "label": "Centerline curve (15)-9",
                    "description": "",
                    "associatedNodeID": "",
                    "position": [-597.946044921875, 18.426950454711915, 0.2853015065193176],
                    "orientation": [-1.0, -0.0, -0.0, -0.0, -1.0, -0.0, 0.0, 0.0, 1.0],
                    "selected": true,
                    "locked": false,
                    "visibility": false,
                    "positionStatus": "defined"
                },
                {
                    "id": "10",
                    "label": "Centerline curve (15)-10",
                    "description": "",
                    "associatedNodeID": "",
                    "position": [-598.6637573242188, 18.343124389648439, -0.44809991121292117],
                    "orientation": [-1.0, -0.0, -0.0, -0.0, -1.0, -0.0, 0.0, 0.0, 1.0],
                    "selected": true,
                    "locked": false,
                    "visibility": false,
                    "positionStatus": "defined"
                },
                {
                    "id": "11",
                    "label": "Centerline curve (15)-11",
                    "description": "",
                    "associatedNodeID": "",
                    "position": [-599.3426513671875, 18.11298942565918, -1.1805444955825806],
                    "orientation": [-1.0, -0.0, -0.0, -0.0, -1.0, -0.0, 0.0, 0.0, 1.0],
                    "selected": true,
                    "locked": false,
                    "visibility": false,
                    "positionStatus": "defined"
                },
                {
                    "id": "12",
                    "label": "Centerline curve (15)-12",
                    "description": "",
                    "associatedNodeID": "",
                    "position": [-600.1981201171875, 18.188447952270509, -1.7425799369812012],
                    "orientation": [-1.0, -0.0, -0.0, -0.0, -1.0, -0.0, 0.0, 0.0, 1.0],
                    "selected": true,
                    "locked": false,
                    "visibility": false,
                    "positionStatus": "defined"
                },
                {
                    "id": "13",
                    "label": "Centerline curve (15)-13",
                    "description": "",
                    "associatedNodeID": "",
                    "position": [-600.7931518554688, 18.162059783935548, -2.5638928413391115],
                    "orientation": [-1.0, -0.0, -0.0, -0.0, -1.0, -0.0, 0.0, 0.0, 1.0],
                    "selected": true,
                    "locked": false,
                    "visibility": false,
                    "positionStatus": "defined"
                },
                {
                    "id": "14",
                    "label": "Centerline curve (15)-14",
                    "description": "",
                    "associatedNodeID": "",
                    "position": [-601.224853515625, 18.175437927246095, -3.4821934700012209],
                    "orientation": [-1.0, -0.0, -0.0, -0.0, -1.0, -0.0, 0.0, 0.0, 1.0],
                    "selected": true,
                    "locked": false,
                    "visibility": false,
                    "positionStatus": "defined"
                },
                {
                    "id": "15",
                    "label": "Centerline curve (15)-15",
                    "description": "",
                    "associatedNodeID": "",
                    "position": [-601.528564453125, 18.158306121826173, -4.4418840408325199],
                    "orientation": [-1.0, -0.0, -0.0, -0.0, -1.0, -0.0, 0.0, 0.0, 1.0],
                    "selected": true,
                    "locked": false,
                    "visibility": false,
                    "positionStatus": "defined"
                },
                {
                    "id": "16",
                    "label": "Centerline curve (15)-16",
                    "description": "",
                    "associatedNodeID": "",
                    "position": [-601.287353515625, 18.76129913330078, -5.235257625579834],
                    "orientation": [-1.0, -0.0, -0.0, -0.0, -1.0, -0.0, 0.0, 0.0, 1.0],
                    "selected": true,
                    "locked": false,
                    "visibility": false,
                    "positionStatus": "defined"
                },
                {
                    "id": "17",
                    "label": "Centerline curve (15)-17",
                    "description": "",
                    "associatedNodeID": "",
                    "position": [-600.8877563476563, 19.4858455657959, -5.84991979598999],
                    "orientation": [-1.0, -0.0, -0.0, -0.0, -1.0, -0.0, 0.0, 0.0, 1.0],
                    "selected": true,
                    "locked": false,
                    "visibility": false,
                    "positionStatus": "defined"
                },
                {
                    "id": "18",
                    "label": "Centerline curve (15)-18",
                    "description": "",
                    "associatedNodeID": "",
                    "position": [-600.5197143554688, 20.182395935058595, -6.493817329406738],
                    "orientation": [-1.0, -0.0, -0.0, -0.0, -1.0, -0.0, 0.0, 0.0, 1.0],
                    "selected": true,
                    "locked": false,
                    "visibility": false,
                    "positionStatus": "defined"
                },
                {
                    "id": "19",
                    "label": "Centerline curve (15)-19",
                    "description": "",
                    "associatedNodeID": "",
                    "position": [-600.033447265625, 20.79340362548828, -7.161707878112793],
                    "orientation": [-1.0, -0.0, -0.0, -0.0, -1.0, -0.0, 0.0, 0.0, 1.0],
                    "selected": true,
                    "locked": false,
                    "visibility": false,
                    "positionStatus": "defined"
                },
                {
                    "id": "20",
                    "label": "Centerline curve (15)-20",
                    "description": "",
                    "associatedNodeID": "",
                    "position": [-599.5326538085938, 21.07221031188965, -8.000785827636719],
                    "orientation": [-1.0, -0.0, -0.0, -0.0, -1.0, -0.0, 0.0, 0.0, 1.0],
                    "selected": true,
                    "locked": false,
                    "visibility": false,
                    "positionStatus": "defined"
                },
                {
                    "id": "21",
                    "label": "Centerline curve (15)-21",
                    "description": "",
                    "associatedNodeID": "",
                    "position": [-599.000244140625, 21.42066192626953, -8.841411590576172],
                    "orientation": [-1.0, -0.0, -0.0, -0.0, -1.0, -0.0, 0.0, 0.0, 1.0],
                    "selected": true,
                    "locked": false,
                    "visibility": false,
                    "positionStatus": "defined"
                },
                {
                    "id": "22",
                    "label": "Centerline curve (15)-22",
                    "description": "",
                    "associatedNodeID": "",
                    "position": [-598.55517578125, 22.004560470581056, -9.524008750915528],
                    "orientation": [-1.0, -0.0, -0.0, -0.0, -1.0, -0.0, 0.0, 0.0, 1.0],
                    "selected": true,
                    "locked": false,
                    "visibility": false,
                    "positionStatus": "defined"
                },
                {
                    "id": "23",
                    "label": "Centerline curve (15)-23",
                    "description": "",
                    "associatedNodeID": "",
                    "position": [-598.0791625976563, 22.4805965423584, -10.302144050598145],
                    "orientation": [-1.0, -0.0, -0.0, -0.0, -1.0, -0.0, 0.0, 0.0, 1.0],
                    "selected": true,
                    "locked": false,
                    "visibility": false,
                    "positionStatus": "defined"
                },
                {
                    "id": "24",
                    "label": "Centerline curve (15)-24",
                    "description": "",
                    "associatedNodeID": "",
                    "position": [-597.7423095703125, 22.914356231689454, -11.193328857421875],
                    "orientation": [-1.0, -0.0, -0.0, -0.0, -1.0, -0.0, 0.0, 0.0, 1.0],
                    "selected": true,
                    "locked": false,
                    "visibility": false,
                    "positionStatus": "defined"
                },
                {
                    "id": "25",
                    "label": "Centerline curve (15)-25",
                    "description": "",
                    "associatedNodeID": "",
                    "position": [-597.4336547851563, 23.624847412109376, -11.85551929473877],
                    "orientation": [-1.0, -0.0, -0.0, -0.0, -1.0, -0.0, 0.0, 0.0, 1.0],
                    "selected": true,
                    "locked": false,
                    "visibility": false,
                    "positionStatus": "defined"
                },
                {
                    "id": "26",
                    "label": "Centerline curve (15)-26",
                    "description": "",
                    "associatedNodeID": "",
                    "position": [-597.2631225585938, 23.970916748046876, -12.79904842376709],
                    "orientation": [-1.0, -0.0, -0.0, -0.0, -1.0, -0.0, 0.0, 0.0, 1.0],
                    "selected": true,
                    "locked": false,
                    "visibility": false,
                    "positionStatus": "defined"
                },
                {
                    "id": "27",
                    "label": "Centerline curve (15)-27",
                    "description": "",
                    "associatedNodeID": "",
                    "position": [-597.0722045898438, 24.54803466796875, -13.640028953552246],
                    "orientation": [-1.0, -0.0, -0.0, -0.0, -1.0, -0.0, 0.0, 0.0, 1.0],
                    "selected": true,
                    "locked": false,
                    "visibility": false,
                    "positionStatus": "defined"
                },
                {
                    "id": "28",
                    "label": "Centerline curve (15)-28",
                    "description": "",
                    "associatedNodeID": "",
                    "position": [-596.9025268554688, 25.279863357543947, -14.386208534240723],
                    "orientation": [-1.0, -0.0, -0.0, -0.0, -1.0, -0.0, 0.0, 0.0, 1.0],
                    "selected": true,
                    "locked": false,
                    "visibility": false,
                    "positionStatus": "defined"
                },
                {
                    "id": "29",
                    "label": "Centerline curve (15)-29",
                    "description": "",
                    "associatedNodeID": "",
                    "position": [-596.8301391601563, 25.80397605895996, -15.242061614990235],
                    "orientation": [-1.0, -0.0, -0.0, -0.0, -1.0, -0.0, 0.0, 0.0, 1.0],
                    "selected": true,
                    "locked": false,
                    "visibility": false,
                    "positionStatus": "defined"
                }
            ],
            "measurements": [
                {
                    "name": "length",
                    "enabled": false,
                    "units": "mm",
                    "printFormat": "%-#4.4g%s"
                },
                {
                    "name": "curvature mean",
                    "enabled": false,
                    "printFormat": "%5.3f %s"
                },
                {
                    "name": "curvature max",
                    "enabled": false,
                    "printFormat": "%5.3f %s"
                },
                {
                    "name": "Radius",
                    "enabled": true,
                    "units": "mm",
                    "controlPointValues": [
                        1.948814956655602,
                        1.0200907420574164,
                        0.5495116895987248,
                        0.560071221806808,
                        0.5913797523222037,
                        0.6296094530947367,
                        0.6871350171366412,
                        0.7186484421188888,
                        0.8246186000211614,
                        0.7542370568538213,
                        0.7410549288723786,
                        0.8599879589854461,
                        0.8518483328626771,
                        0.909715480757886,
                        1.224628845976906,
                        1.2275554297823935,
                        1.208161748526618,
                        1.2673857962885636,
                        1.2661712705595128,
                        1.2357671394158799,
                        1.3005356205578523,
                        1.3633281352432092,
                        1.3726725511361509,
                        1.400553045216256,
                        1.5522020587123882,
                        1.4678762899905622,
                        1.5406682989745706,
                        1.5704575414955733,
                        1.65250495335467
                    ]
                }
            ],
            "display": {
                "visibility": true,
                "opacity": 1.0,
                "color": [0.4, 1.0, 1.0],
                "selectedColor": [0.11372549019607843, 0.4627450980392157, 0.5450980392156862],
                "activeColor": [0.4, 1.0, 0.0],
                "propertiesLabelVisibility": true,
                "pointLabelsVisibility": false,
                "textScale": 3.0,
                "glyphType": "Sphere3D",
                "glyphScale": 3.0,
                "glyphSize": 5.0,
                "useGlyphScale": true,
                "sliceProjection": false,
                "sliceProjectionUseFiducialColor": true,
                "sliceProjectionOutlinedBehindSlicePlane": false,
                "sliceProjectionColor": [1.0, 1.0, 1.0],
                "sliceProjectionOpacity": 0.6,
                "lineThickness": 0.2,
                "lineColorFadingStart": 1.0,
                "lineColorFadingEnd": 10.0,
                "lineColorFadingSaturation": 1.0,
                "lineColorFadingHueOffset": 0.0,
                "handlesInteractive": false,
                "translationHandleVisibility": true,
                "rotationHandleVisibility": true,
                "scaleHandleVisibility": true,
                "interactionHandleScale": 3.0,
                "snapMode": "toVisibleSurface"
            }
        }
    ]
}