{
    "@schema": "https://raw.githubusercontent.com/slicer/slicer/master/Modules/Loadable/Markups/Resources/Schema/markups-schema-v1.0.3.json#",
    "markups": [
        {
            "type": "Curve",
            "coordinateSystem": "LPS",
            "coordinateUnits": "mm",
            "locked": false,
            "fixedNumberOfControlPoints": false,
            "labelFormat": "%N-%d",
            "lastUsedControlPointNumber": 35,
            "controlPoints": [
                {
                    "id": "1",
                    "label": "Centerline curve (11)-1",
                    "description": "",
                    "associatedNodeID": "",
                    "position": [-384.7000427246094, 23.205303192138673, -15.747021675109864],
                    "orientation": [-1.0, -0.0, -0.0, -0.0, -1.0, -0.0, 0.0, 0.0, 1.0],
                    "selected": true,
                    "locked": false,
                    "visibility": false,
                    "positionStatus": "defined"
                },
                {
                    "id": "2",
                    "label": "Centerline curve (11)-2",
                    "description": "",
                    "associatedNodeID": "",
                    "position": [-397.1739807128906, 17.926631927490236, -14.502306938171387],
                    "orientation": [-1.0, -0.0, -0.0, -0.0, -1.0, -0.0, 0.0, 0.0, 1.0],
                    "selected": true,
                    "locked": false,
                    "visibility": false,
                    "positionStatus": "defined"
                },
                {
                    "id": "3",
                    "label": "Centerline curve (11)-3",
                    "description": "",
                    "associatedNodeID": "",
                    "position": [-398.16802978515627, 17.79129981994629, -14.554159164428711],
                    "orientation": [-1.0, -0.0, -0.0, -0.0, -1.0, -0.0, 0.0, 0.0, 1.0],
                    "selected": true,
                    "locked": false,
                    "visibility": false,
                    "positionStatus": "defined"
                },
                {
                    "id": "4",
                    "label": "Centerline curve (11)-4",
                    "description": "",
                    "associatedNodeID": "",
                    "position": [-399.176513671875, 17.725919723510743, -14.54542064666748],
                    "orientation": [-1.0, -0.0, -0.0, -0.0, -1.0, -0.0, 0.0, 0.0, 1.0],
                    "selected": true,
                    "locked": false,
                    "visibility": false,
                    "positionStatus": "defined"
                },
                {
                    "id": "5",
                    "label": "Centerline curve (11)-5",
                    "description": "",
                    "associatedNodeID": "",
                    "position": [-400.1791687011719, 17.768131256103517, -14.567034721374512],
                    "orientation": [-1.0, -0.0, -0.0, -0.0, -1.0, -0.0, 0.0, 0.0, 1.0],
                    "selected": true,
                    "locked": false,
                    "visibility": false,
                    "positionStatus": "defined"
                },
                {
                    "id": "6",
                    "label": "Centerline curve (11)-6",
                    "description": "",
                    "associatedNodeID": "",
                    "position": [-401.17840576171877, 17.838939666748048, -14.693662643432618],
                    "orientation": [-1.0, -0.0, -0.0, -0.0, -1.0, -0.0, 0.0, 0.0, 1.0],
                    "selected": true,
                    "locked": false,
                    "visibility": false,
                    "positionStatus": "defined"
                },
                {
                    "id": "7",
                    "label": "Centerline curve (11)-7",
                    "description": "",
                    "associatedNodeID": "",
                    "position": [-402.1543273925781, 17.89997673034668, -14.94175910949707],
                    "orientation": [-1.0, -0.0, -0.0, -0.0, -1.0, -0.0, 0.0, 0.0, 1.0],
                    "selected": true,
                    "locked": false,
                    "visibility": false,
                    "positionStatus": "defined"
                },
                {
                    "id": "8",
                    "label": "Centerline curve (11)-8",
                    "description": "",
                    "associatedNodeID": "",
                    "position": [-403.16009521484377, 17.93096351623535, -14.962361335754395],
                    "orientation": [-1.0, -0.0, -0.0, -0.0, -1.0, -0.0, 0.0, 0.0, 1.0],
                    "selected": true,
                    "locked": false,
                    "visibility": false,
                    "positionStatus": "defined"
                },
                {
                    "id": "9",
                    "label": "Centerline curve (11)-9",
                    "description": "",
                    "associatedNodeID": "",
                    "position": [-404.16241455078127, 17.942066192626954, -14.822731971740723],
                    "orientation": [-1.0, -0.0, -0.0, -0.0, -1.0, -0.0, 0.0, 0.0, 1.0],
                    "selected": true,
                    "locked": false,
                    "visibility": false,
                    "positionStatus": "defined"
                },
                {
                    "id": "10",
                    "label": "Centerline curve (11)-10",
                    "description": "",
                    "associatedNodeID": "",
                    "position": [-405.16845703125, 18.01840591430664, -14.766206741333008],
                    "orientation": [-1.0, -0.0, -0.0, -0.0, -1.0, -0.0, 0.0, 0.0, 1.0],
                    "selected": true,
                    "locked": false,
                    "visibility": false,
                    "positionStatus": "defined"
                },
                {
                    "id": "11",
                    "label": "Centerline curve (11)-11",
                    "description": "",
                    "associatedNodeID": "",
                    "position": [-406.1700134277344, 18.085636138916017, -14.876688957214356],
                    "orientation": [-1.0, -0.0, -0.0, -0.0, -1.0, -0.0, 0.0, 0.0, 1.0],
                    "selected": true,
                    "locked": false,
                    "visibility": false,
                    "positionStatus": "defined"
                },
                {
                    "id": "12",
                    "label": "Centerline curve (11)-12",
                    "description": "",
                    "associatedNodeID": "",
                    "position": [-407.16119384765627, 18.001510620117189, -15.031779289245606],
                    "orientation": [-1.0, -0.0, -0.0, -0.0, -1.0, -0.0, 0.0, 0.0, 1.0],
                    "selected": true,
                    "locked": false,
                    "visibility": false,
                    "positionStatus": "defined"
                },
                {
                    "id": "13",
                    "label": "Centerline curve (11)-13",
                    "description": "",
                    "associatedNodeID": "",
                    "position": [-408.12554931640627, 17.879274368286134, -15.293992042541504],
                    "orientation": [-1.0, -0.0, -0.0, -0.0, -1.0, -0.0, 0.0, 0.0, 1.0],
                    "selected": true,
                    "locked": false,
                    "visibility": false,
                    "positionStatus": "defined"
                },
                {
                    "id": "14",
                    "label": "Centerline curve (11)-14",
                    "description": "",
                    "associatedNodeID": "",
                    "position": [-409.03228759765627, 17.639549255371095, -15.662454605102539],
                    "orientation": [-1.0, -0.0, -0.0, -0.0, -1.0, -0.0, 0.0, 0.0, 1.0],
                    "selected": true,
                    "locked": false,
                    "visibility": false,
                    "positionStatus": "defined"
                },
                {
                    "id": "15",
                    "label": "Centerline curve (11)-15",
                    "description": "",
                    "associatedNodeID": "",
                    "position": [-409.9148254394531, 17.29079818725586, -15.988468170166016],
                    "orientation": [-1.0, -0.0, -0.0, -0.0, -1.0, -0.0, 0.0, 0.0, 1.0],
                    "selected": true,
                    "locked": false,
                    "visibility": false,
                    "positionStatus": "defined"
                },
                {
                    "id": "16",
                    "label": "Centerline curve (11)-16",
                    "description": "",
                    "associatedNodeID": "",
                    "position": [-410.7583923339844, 16.848060607910158, -16.30381965637207],
                    "orientation": [-1.0, -0.0, -0.0, -0.0, -1.0, -0.0, 0.0, 0.0, 1.0],
                    "selected": true,
                    "locked": false,
                    "visibility": false,
                    "positionStatus": "defined"
                },
                {
                    "id": "17",
                    "label": "Centerline curve (11)-17",
                    "description": "",
                    "associatedNodeID": "",
                    "position": [-411.4259033203125, 16.21409797668457, -16.705652236938478],
                    "orientation": [-1.0, -0.0, -0.0, -0.0, -1.0, -0.0, 0.0, 0.0, 1.0],
                    "selected": true,
                    "locked": false,
                    "visibility": false,
                    "positionStatus": "defined"
                },
                {
                    "id": "18",
                    "label": "Centerline curve (11)-18",
                    "description": "",
                    "associatedNodeID": "",
                    "position": [-411.9897155761719, 15.443772315979004, -17.041715621948243],
                    "orientation": [-1.0, -0.0, -0.0, -0.0, -1.0, -0.0, 0.0, 0.0, 1.0],
                    "selected": true,
                    "locked": false,
                    "visibility": false,
                    "positionStatus": "defined"
                },
                {
                    "id": "19",
                    "label": "Centerline curve (11)-19",
                    "description": "",
                    "associatedNodeID": "",
                    "position": [-412.4555358886719, 14.611250877380371, -17.369224548339845],
                    "orientation": [-1.0, -0.0, -0.0, -0.0, -1.0, -0.0, 0.0, 0.0, 1.0],
                    "selected": true,
                    "locked": false,
                    "visibility": false,
                    "positionStatus": "defined"
                },
                {
                    "id": "20",
                    "label": "Centerline curve (11)-20",
                    "description": "",
                    "associatedNodeID": "",
                    "position": [-412.7528381347656, 13.699321746826172, -17.687000274658204],
                    "orientation": [-1.0, -0.0, -0.0, -0.0, -1.0, -0.0, 0.0, 0.0, 1.0],
                    "selected": true,
                    "locked": false,
                    "visibility": false,
                    "positionStatus": "defined"
                },
                {
                    "id": "21",
                    "label": "Centerline curve (11)-21",
                    "description": "",
                    "associatedNodeID": "",
                    "position": [-413.01593017578127, 12.778209686279297, -18.004070281982423],
                    "orientation": [-1.0, -0.0, -0.0, -0.0, -1.0, -0.0, 0.0, 0.0, 1.0],
                    "selected": true,
                    "locked": false,
                    "visibility": false,
                    "positionStatus": "defined"
                },
                {
                    "id": "22",
                    "label": "Centerline curve (11)-22",
                    "description": "",
                    "associatedNodeID": "",
                    "position": [-413.2952575683594, 11.840316772460938, -18.268949508666993],
                    "orientation": [-1.0, -0.0, -0.0, -0.0, -1.0, -0.0, 0.0, 0.0, 1.0],
                    "selected": true,
                    "locked": false,
                    "visibility": false,
                    "positionStatus": "defined"
                },
                {
                    "id": "23",
                    "label": "Centerline curve (11)-23",
                    "description": "",
                    "associatedNodeID": "",
                    "position": [-413.7093200683594, 11.022322654724121, -18.675565719604493],
                    "orientation": [-1.0, -0.0, -0.0, -0.0, -1.0, -0.0, 0.0, 0.0, 1.0],
                    "selected": true,
                    "locked": false,
                    "visibility": false,
                    "positionStatus": "defined"
                },
                {
                    "id": "24",
                    "label": "Centerline curve (11)-24",
                    "description": "",
                    "associatedNodeID": "",
                    "position": [-414.1510314941406, 10.2073974609375, -19.066631317138673],
                    "orientation": [-1.0, -0.0, -0.0, -0.0, -1.0, -0.0, 0.0, 0.0, 1.0],
                    "selected": true,
                    "locked": false,
                    "visibility": false,
                    "positionStatus": "defined"
                },
                {
                    "id": "25",
                    "label": "Centerline curve (11)-25",
                    "description": "",
                    "associatedNodeID": "",
                    "position": [-414.6727600097656, 9.390762329101563, -19.341384887695314],
                    "orientation": [-1.0, -0.0, -0.0, -0.0, -1.0, -0.0, 0.0, 0.0, 1.0],
                    "selected": true,
                    "locked": false,
                    "visibility": false,
                    "positionStatus": "defined"
                },
                {
                    "id": "26",
                    "label": "Centerline curve (11)-26",
                    "description": "",
                    "associatedNodeID": "",
                    "position": [-415.1616516113281, 8.5857572555542, -19.69791603088379],
                    "orientation": [-1.0, -0.0, -0.0, -0.0, -1.0, -0.0, 0.0, 0.0, 1.0],
                    "selected": true,
                    "locked": false,
                    "visibility": false,
                    "positionStatus": "defined"
                },
                {
                    "id": "27",
                    "label": "Centerline curve (11)-27",
                    "description": "",
                    "associatedNodeID": "",
                    "position": [-415.5860595703125, 7.714265823364258, -19.97310447692871],
                    "orientation": [-1.0, -0.0, -0.0, -0.0, -1.0, -0.0, 0.0, 0.0, 1.0],
                    "selected": true,
                    "locked": false,
                    "visibility": false,
                    "positionStatus": "defined"
                },
                {
                    "id": "28",
                    "label": "Centerline curve (11)-28",
                    "description": "",
                    "associatedNodeID": "",
                    "position": [-415.9326477050781, 6.803554058074951, -20.22182273864746],
                    "orientation": [-1.0, -0.0, -0.0, -0.0, -1.0, -0.0, 0.0, 0.0, 1.0],
                    "selected": true,
                    "locked": false,
                    "visibility": false,
                    "positionStatus": "defined"
                },
                {
                    "id": "29",
                    "label": "Centerline curve (11)-29",
                    "description": "",
                    "associatedNodeID": "",
                    "position": [-416.1844482421875, 5.8907551765441898, -20.561735153198243],
                    "orientation": [-1.0, -0.0, -0.0, -0.0, -1.0, -0.0, 0.0, 0.0, 1.0],
                    "selected": true,
                    "locked": false,
                    "visibility": false,
                    "positionStatus": "defined"
                },
                {
                    "id": "30",
                    "label": "Centerline curve (11)-30",
                    "description": "",
                    "associatedNodeID": "",
                    "position": [-416.3454895019531, 4.971364498138428, -20.941524505615236],
                    "orientation": [-1.0, -0.0, -0.0, -0.0, -1.0, -0.0, 0.0, 0.0, 1.0],
                    "selected": true,
                    "locked": false,
                    "visibility": false,
                    "positionStatus": "defined"
                },
                {
                    "id": "31",
                    "label": "Centerline curve (11)-31",
                    "description": "",
                    "associatedNodeID": "",
                    "position": [-416.4676208496094, 4.043018817901611, -21.316003799438478],
                    "orientation": [-1.0, -0.0, -0.0, -0.0, -1.0, -0.0, 0.0, 0.0, 1.0],
                    "selected": true,
                    "locked": false,
                    "visibility": false,
                    "positionStatus": "defined"
                },
                {
                    "id": "32",
                    "label": "Centerline curve (11)-32",
                    "description": "",
                    "associatedNodeID": "",
                    "position": [-416.51641845703127, 3.1365549564361574, -21.754968643188478],
                    "orientation": [-1.0, -0.0, -0.0, -0.0, -1.0, -0.0, 0.0, 0.0, 1.0],
                    "selected": true,
                    "locked": false,
                    "visibility": false,
                    "positionStatus": "defined"
                },
                {
                    "id": "33",
                    "label": "Centerline curve (11)-33",
                    "description": "",
                    "associatedNodeID": "",
                    "position": [-416.5025329589844, 2.2676737308502199, -22.248031616210939],
                    "orientation": [-1.0, -0.0, -0.0, -0.0, -1.0, -0.0, 0.0, 0.0, 1.0],
                    "selected": true,
                    "locked": false,
                    "visibility": false,
                    "positionStatus": "defined"
                },
                {
                    "id": "34",
                    "label": "Centerline curve (11)-34",
                    "description": "",
                    "associatedNodeID": "",
                    "position": [-416.3952331542969, 1.4571921825408936, -22.78639030456543],
                    "orientation": [-1.0, -0.0, -0.0, -0.0, -1.0, -0.0, 0.0, 0.0, 1.0],
                    "selected": true,
                    "locked": false,
                    "visibility": false,
                    "positionStatus": "defined"
                },
                {
                    "id": "35",
                    "label": "Centerline curve (11)-35",
                    "description": "",
                    "associatedNodeID": "",
                    "position": [-416.2232971191406, -0.3521553874015808, -24.137855529785158],
                    "orientation": [-1.0, -0.0, -0.0, -0.0, -1.0, -0.0, 0.0, 0.0, 1.0],
                    "selected": true,
                    "locked": false,
                    "visibility": false,
                    "positionStatus": "defined"
                }
            ],
            "measurements": [
                {
                    "name": "length",
                    "enabled": false,
                    "units": "mm",
                    "printFormat": "%-#4.4g%s"
                },
                {
                    "name": "curvature mean",
                    "enabled": false,
                    "printFormat": "%5.3f %s"
                },
                {
                    "name": "curvature max",
                    "enabled": false,
                    "printFormat": "%5.3f %s"
                },
                {
                    "name": "Radius",
                    "enabled": true,
                    "units": "mm",
                    "controlPointValues": [
                        14.68448985540285,
                        6.617386711012938,
                        6.271425404896095,
                        5.994074383578262,
                        5.717191904544147,
                        5.516684276756935,
                        5.425884246406657,
                        5.328401914687376,
                        5.287753275568113,
                        5.302481460860834,
                        5.326143618103313,
                        5.286250535634849,
                        5.136328898331341,
                        5.026834406807873,
                        4.883674291634568,
                        4.7716818335645929,
                        4.662396158904402,
                        4.58512113864362,
                        4.539603008182515,
                        4.618903130604311,
                        4.805643287015433,
                        4.974355540648,
                        5.134869235020349,
                        5.224138796973647,
                        5.372466405709392,
                        5.565629594571224,
                        5.698854729088431,
                        5.829527977035697,
                        5.927124258773652,
                        5.952116303463145,
                        5.968995578747968,
                        6.010115326028638,
                        6.007189692535414,
                        5.954313899482043,
                        5.812118617037081
                    ]
                }
            ],
            "display": {
                "visibility": true,
                "opacity": 1.0,
                "color": [0.4, 1.0, 1.0],
                "selectedColor": [0.5803921568627452, 0.1843137254901961, 0.9803921568627451],
                "activeColor": [0.4, 1.0, 0.0],
                "propertiesLabelVisibility": true,
                "pointLabelsVisibility": false,
                "textScale": 3.0,
                "glyphType": "Sphere3D",
                "glyphScale": 3.0,
                "glyphSize": 5.0,
                "useGlyphScale": true,
                "sliceProjection": false,
                "sliceProjectionUseFiducialColor": true,
                "sliceProjectionOutlinedBehindSlicePlane": false,
                "sliceProjectionColor": [1.0, 1.0, 1.0],
                "sliceProjectionOpacity": 0.6,
                "lineThickness": 0.2,
                "lineColorFadingStart": 1.0,
                "lineColorFadingEnd": 10.0,
                "lineColorFadingSaturation": 1.0,
                "lineColorFadingHueOffset": 0.0,
                "handlesInteractive": false,
                "translationHandleVisibility": true,
                "rotationHandleVisibility": true,
                "scaleHandleVisibility": true,
                "interactionHandleScale": 3.0,
                "snapMode": "toVisibleSurface"
            }
        }
    ]
}