{
    "@schema": "https://raw.githubusercontent.com/slicer/slicer/master/Modules/Loadable/Markups/Resources/Schema/markups-schema-v1.0.3.json#",
    "markups": [
        {
            "type": "Curve",
            "coordinateSystem": "LPS",
            "coordinateUnits": "mm",
            "locked": false,
            "fixedNumberOfControlPoints": false,
            "labelFormat": "%N-%d",
            "lastUsedControlPointNumber": 41,
            "controlPoints": [
                {
                    "id": "1",
                    "label": "Centerline curve (5)-1",
                    "description": "",
                    "associatedNodeID": "",
                    "position": [-79.3522720336914, 20.799129486083986, 22.832996368408204],
                    "orientation": [-1.0, -0.0, -0.0, -0.0, -1.0, -0.0, 0.0, 0.0, 1.0],
                    "selected": true,
                    "locked": false,
                    "visibility": false,
                    "positionStatus": "defined"
                },
                {
                    "id": "2",
                    "label": "Centerline curve (5)-2",
                    "description": "",
                    "associatedNodeID": "",
                    "position": [-73.65263366699219, 16.204431533813478, 24.551071166992189],
                    "orientation": [-1.0, -0.0, -0.0, -0.0, -1.0, -0.0, 0.0, 0.0, 1.0],
                    "selected": true,
                    "locked": false,
                    "visibility": false,
                    "positionStatus": "defined"
                },
                {
                    "id": "3",
                    "label": "Centerline curve (5)-3",
                    "description": "",
                    "associatedNodeID": "",
                    "position": [-73.11758422851563, 15.920071601867676, 24.716360092163087],
                    "orientation": [-1.0, -0.0, -0.0, -0.0, -1.0, -0.0, 0.0, 0.0, 1.0],
                    "selected": true,
                    "locked": false,
                    "visibility": false,
                    "positionStatus": "defined"
                },
                {
                    "id": "4",
                    "label": "Centerline curve (5)-4",
                    "description": "",
                    "associatedNodeID": "",
                    "position": [-72.0020980834961, 15.36978530883789, 25.062969207763673],
                    "orientation": [-1.0, -0.0, -0.0, -0.0, -1.0, -0.0, 0.0, 0.0, 1.0],
                    "selected": true,
                    "locked": false,
                    "visibility": false,
                    "positionStatus": "defined"
                },
                {
                    "id": "5",
                    "label": "Centerline curve (5)-5",
                    "description": "",
                    "associatedNodeID": "",
                    "position": [-70.99732208251953, 14.96474552154541, 25.3710880279541],
                    "orientation": [-1.0, -0.0, -0.0, -0.0, -1.0, -0.0, 0.0, 0.0, 1.0],
                    "selected": true,
                    "locked": false,
                    "visibility": false,
                    "positionStatus": "defined"
                },
                {
                    "id": "6",
                    "label": "Centerline curve (5)-6",
                    "description": "",
                    "associatedNodeID": "",
                    "position": [-70.10570526123047, 14.523818969726563, 25.564416885375978],
                    "orientation": [-1.0, -0.0, -0.0, -0.0, -1.0, -0.0, 0.0, 0.0, 1.0],
                    "selected": true,
                    "locked": false,
                    "visibility": false,
                    "positionStatus": "defined"
                },
                {
                    "id": "7",
                    "label": "Centerline curve (5)-7",
                    "description": "",
                    "associatedNodeID": "",
                    "position": [-69.24801635742188, 13.982975959777832, 25.74659538269043],
                    "orientation": [-1.0, -0.0, -0.0, -0.0, -1.0, -0.0, 0.0, 0.0, 1.0],
                    "selected": true,
                    "locked": false,
                    "visibility": false,
                    "positionStatus": "defined"
                },
                {
                    "id": "8",
                    "label": "Centerline curve (5)-8",
                    "description": "",
                    "associatedNodeID": "",
                    "position": [-68.4283218383789, 13.403024673461914, 25.948911666870118],
                    "orientation": [-1.0, -0.0, -0.0, -0.0, -1.0, -0.0, 0.0, 0.0, 1.0],
                    "selected": true,
                    "locked": false,
                    "visibility": false,
                    "positionStatus": "defined"
                },
                {
                    "id": "9",
                    "label": "Centerline curve (5)-9",
                    "description": "",
                    "associatedNodeID": "",
                    "position": [-67.59171295166016, 12.839371681213379, 25.96904945373535],
                    "orientation": [-1.0, -0.0, -0.0, -0.0, -1.0, -0.0, 0.0, 0.0, 1.0],
                    "selected": true,
                    "locked": false,
                    "visibility": false,
                    "positionStatus": "defined"
                },
                {
                    "id": "10",
                    "label": "Centerline curve (5)-10",
                    "description": "",
                    "associatedNodeID": "",
                    "position": [-66.69731903076172, 12.337299346923829, 26.017019271850587],
                    "orientation": [-1.0, -0.0, -0.0, -0.0, -1.0, -0.0, 0.0, 0.0, 1.0],
                    "selected": true,
                    "locked": false,
                    "visibility": false,
                    "positionStatus": "defined"
                },
                {
                    "id": "11",
                    "label": "Centerline curve (5)-11",
                    "description": "",
                    "associatedNodeID": "",
                    "position": [-65.76915740966797, 11.885293960571289, 26.15894889831543],
                    "orientation": [-1.0, -0.0, -0.0, -0.0, -1.0, -0.0, 0.0, 0.0, 1.0],
                    "selected": true,
                    "locked": false,
                    "visibility": false,
                    "positionStatus": "defined"
                },
                {
                    "id": "12",
                    "label": "Centerline curve (5)-12",
                    "description": "",
                    "associatedNodeID": "",
                    "position": [-64.84310150146485, 11.456969261169434, 26.25008201599121],
                    "orientation": [-1.0, -0.0, -0.0, -0.0, -1.0, -0.0, 0.0, 0.0, 1.0],
                    "selected": true,
                    "locked": false,
                    "visibility": false,
                    "positionStatus": "defined"
                },
                {
                    "id": "13",
                    "label": "Centerline curve (5)-13",
                    "description": "",
                    "associatedNodeID": "",
                    "position": [-63.95498275756836, 11.025938034057618, 26.145668029785158],
                    "orientation": [-1.0, -0.0, -0.0, -0.0, -1.0, -0.0, 0.0, 0.0, 1.0],
                    "selected": true,
                    "locked": false,
                    "visibility": false,
                    "positionStatus": "defined"
                },
                {
                    "id": "14",
                    "label": "Centerline curve (5)-14",
                    "description": "",
                    "associatedNodeID": "",
                    "position": [-63.11392593383789, 10.592798233032227, 25.781517028808595],
                    "orientation": [-1.0, -0.0, -0.0, -0.0, -1.0, -0.0, 0.0, 0.0, 1.0],
                    "selected": true,
                    "locked": false,
                    "visibility": false,
                    "positionStatus": "defined"
                },
                {
                    "id": "15",
                    "label": "Centerline curve (5)-15",
                    "description": "",
                    "associatedNodeID": "",
                    "position": [-62.21967697143555, 10.265732765197754, 25.428176879882814],
                    "orientation": [-1.0, -0.0, -0.0, -0.0, -1.0, -0.0, 0.0, 0.0, 1.0],
                    "selected": true,
                    "locked": false,
                    "visibility": false,
                    "positionStatus": "defined"
                },
                {
                    "id": "16",
                    "label": "Centerline curve (5)-16",
                    "description": "",
                    "associatedNodeID": "",
                    "position": [-61.2567138671875, 10.03286075592041, 25.190753936767579],
                    "orientation": [-1.0, -0.0, -0.0, -0.0, -1.0, -0.0, 0.0, 0.0, 1.0],
                    "selected": true,
                    "locked": false,
                    "visibility": false,
                    "positionStatus": "defined"
                },
                {
                    "id": "17",
                    "label": "Centerline curve (5)-17",
                    "description": "",
                    "associatedNodeID": "",
                    "position": [-60.2988166809082, 9.765616416931153, 24.972326278686525],
                    "orientation": [-1.0, -0.0, -0.0, -0.0, -1.0, -0.0, 0.0, 0.0, 1.0],
                    "selected": true,
                    "locked": false,
                    "visibility": false,
                    "positionStatus": "defined"
                },
                {
                    "id": "18",
                    "label": "Centerline curve (5)-18",
                    "description": "",
                    "associatedNodeID": "",
                    "position": [-59.35306930541992, 9.456844329833985, 24.758520126342775],
                    "orientation": [-1.0, -0.0, -0.0, -0.0, -1.0, -0.0, 0.0, 0.0, 1.0],
                    "selected": true,
                    "locked": false,
                    "visibility": false,
                    "positionStatus": "defined"
                },
                {
                    "id": "19",
                    "label": "Centerline curve (5)-19",
                    "description": "",
                    "associatedNodeID": "",
                    "position": [-58.39339065551758, 9.203424453735352, 24.535024642944337],
                    "orientation": [-1.0, -0.0, -0.0, -0.0, -1.0, -0.0, 0.0, 0.0, 1.0],
                    "selected": true,
                    "locked": false,
                    "visibility": false,
                    "positionStatus": "defined"
                },
                {
                    "id": "20",
                    "label": "Centerline curve (5)-20",
                    "description": "",
                    "associatedNodeID": "",
                    "position": [-57.470821380615237, 8.987615585327149, 24.1691837310791],
                    "orientation": [-1.0, -0.0, -0.0, -0.0, -1.0, -0.0, 0.0, 0.0, 1.0],
                    "selected": true,
                    "locked": false,
                    "visibility": false,
                    "positionStatus": "defined"
                },
                {
                    "id": "21",
                    "label": "Centerline curve (5)-21",
                    "description": "",
                    "associatedNodeID": "",
                    "position": [-56.52615737915039, 8.805784225463868, 23.85230827331543],
                    "orientation": [-1.0, -0.0, -0.0, -0.0, -1.0, -0.0, 0.0, 0.0, 1.0],
                    "selected": true,
                    "locked": false,
                    "visibility": false,
                    "positionStatus": "defined"
                },
                {
                    "id": "22",
                    "label": "Centerline curve (5)-22",
                    "description": "",
                    "associatedNodeID": "",
                    "position": [-55.55169677734375, 8.648682594299317, 23.6055965423584],
                    "orientation": [-1.0, -0.0, -0.0, -0.0, -1.0, -0.0, 0.0, 0.0, 1.0],
                    "selected": true,
                    "locked": false,
                    "visibility": false,
                    "positionStatus": "defined"
                },
                {
                    "id": "23",
                    "label": "Centerline curve (5)-23",
                    "description": "",
                    "associatedNodeID": "",
                    "position": [-54.61671829223633, 8.512402534484864, 23.226179122924806],
                    "orientation": [-1.0, -0.0, -0.0, -0.0, -1.0, -0.0, 0.0, 0.0, 1.0],
                    "selected": true,
                    "locked": false,
                    "visibility": false,
                    "positionStatus": "defined"
                },
                {
                    "id": "24",
                    "label": "Centerline curve (5)-24",
                    "description": "",
                    "associatedNodeID": "",
                    "position": [-53.71213912963867, 8.426267623901368, 22.767635345458986],
                    "orientation": [-1.0, -0.0, -0.0, -0.0, -1.0, -0.0, 0.0, 0.0, 1.0],
                    "selected": true,
                    "locked": false,
                    "visibility": false,
                    "positionStatus": "defined"
                },
                {
                    "id": "25",
                    "label": "Centerline curve (5)-25",
                    "description": "",
                    "associatedNodeID": "",
                    "position": [-52.80051040649414, 8.365582466125489, 22.316930770874025],
                    "orientation": [-1.0, -0.0, -0.0, -0.0, -1.0, -0.0, 0.0, 0.0, 1.0],
                    "selected": true,
                    "locked": false,
                    "visibility": false,
                    "positionStatus": "defined"
                },
                {
                    "id": "26",
                    "label": "Centerline curve (5)-26",
                    "description": "",
                    "associatedNodeID": "",
                    "position": [-51.84511184692383, 8.317952156066895, 21.97740936279297],
                    "orientation": [-1.0, -0.0, -0.0, -0.0, -1.0, -0.0, 0.0, 0.0, 1.0],
                    "selected": true,
                    "locked": false,
                    "visibility": false,
                    "positionStatus": "defined"
                },
                {
                    "id": "27",
                    "label": "Centerline curve (5)-27",
                    "description": "",
                    "associatedNodeID": "",
                    "position": [-50.91495132446289, 8.286856651306153, 21.57048797607422],
                    "orientation": [-1.0, -0.0, -0.0, -0.0, -1.0, -0.0, 0.0, 0.0, 1.0],
                    "selected": true,
                    "locked": false,
                    "visibility": false,
                    "positionStatus": "defined"
                },
                {
                    "id": "28",
                    "label": "Centerline curve (5)-28",
                    "description": "",
                    "associatedNodeID": "",
                    "position": [-49.94002151489258, 8.328795433044434, 21.28396987915039],
                    "orientation": [-1.0, -0.0, -0.0, -0.0, -1.0, -0.0, 0.0, 0.0, 1.0],
                    "selected": true,
                    "locked": false,
                    "visibility": false,
                    "positionStatus": "defined"
                },
                {
                    "id": "29",
                    "label": "Centerline curve (5)-29",
                    "description": "",
                    "associatedNodeID": "",
                    "position": [-48.98524856567383, 8.37593936920166, 20.942583084106447],
                    "orientation": [-1.0, -0.0, -0.0, -0.0, -1.0, -0.0, 0.0, 0.0, 1.0],
                    "selected": true,
                    "locked": false,
                    "visibility": false,
                    "positionStatus": "defined"
                },
                {
                    "id": "30",
                    "label": "Centerline curve (5)-30",
                    "description": "",
                    "associatedNodeID": "",
                    "position": [-48.031982421875, 8.396995544433594, 20.589521408081056],
                    "orientation": [-1.0, -0.0, -0.0, -0.0, -1.0, -0.0, 0.0, 0.0, 1.0],
                    "selected": true,
                    "locked": false,
                    "visibility": false,
                    "positionStatus": "defined"
                },
                {
                    "id": "31",
                    "label": "Centerline curve (5)-31",
                    "description": "",
                    "associatedNodeID": "",
                    "position": [-47.118316650390628, 8.465070724487305, 20.150249481201173],
                    "orientation": [-1.0, -0.0, -0.0, -0.0, -1.0, -0.0, 0.0, 0.0, 1.0],
                    "selected": true,
                    "locked": false,
                    "visibility": false,
                    "positionStatus": "defined"
                },
                {
                    "id": "32",
                    "label": "Centerline curve (5)-32",
                    "description": "",
                    "associatedNodeID": "",
                    "position": [-46.192283630371097, 8.486129760742188, 19.735456466674806],
                    "orientation": [-1.0, -0.0, -0.0, -0.0, -1.0, -0.0, 0.0, 0.0, 1.0],
                    "selected": true,
                    "locked": false,
                    "visibility": false,
                    "positionStatus": "defined"
                },
                {
                    "id": "33",
                    "label": "Centerline curve (5)-33",
                    "description": "",
                    "associatedNodeID": "",
                    "position": [-45.27717971801758, 8.577147483825684, 19.306900024414064],
                    "orientation": [-1.0, -0.0, -0.0, -0.0, -1.0, -0.0, 0.0, 0.0, 1.0],
                    "selected": true,
                    "locked": false,
                    "visibility": false,
                    "positionStatus": "defined"
                },
                {
                    "id": "34",
                    "label": "Centerline curve (5)-34",
                    "description": "",
                    "associatedNodeID": "",
                    "position": [-44.389949798583987, 8.772156715393067, 18.853734970092775],
                    "orientation": [-1.0, -0.0, -0.0, -0.0, -1.0, -0.0, 0.0, 0.0, 1.0],
                    "selected": true,
                    "locked": false,
                    "visibility": false,
                    "positionStatus": "defined"
                },
                {
                    "id": "35",
                    "label": "Centerline curve (5)-35",
                    "description": "",
                    "associatedNodeID": "",
                    "position": [-43.54630661010742, 9.050399780273438, 18.360471725463868],
                    "orientation": [-1.0, -0.0, -0.0, -0.0, -1.0, -0.0, 0.0, 0.0, 1.0],
                    "selected": true,
                    "locked": false,
                    "visibility": false,
                    "positionStatus": "defined"
                },
                {
                    "id": "36",
                    "label": "Centerline curve (5)-36",
                    "description": "",
                    "associatedNodeID": "",
                    "position": [-42.67717361450195, 9.253385543823243, 17.867734909057618],
                    "orientation": [-1.0, -0.0, -0.0, -0.0, -1.0, -0.0, 0.0, 0.0, 1.0],
                    "selected": true,
                    "locked": false,
                    "visibility": false,
                    "positionStatus": "defined"
                },
                {
                    "id": "37",
                    "label": "Centerline curve (5)-37",
                    "description": "",
                    "associatedNodeID": "",
                    "position": [-41.82368087768555, 9.382942199707032, 17.3231201171875],
                    "orientation": [-1.0, -0.0, -0.0, -0.0, -1.0, -0.0, 0.0, 0.0, 1.0],
                    "selected": true,
                    "locked": false,
                    "visibility": false,
                    "positionStatus": "defined"
                },
                {
                    "id": "38",
                    "label": "Centerline curve (5)-38",
                    "description": "",
                    "associatedNodeID": "",
                    "position": [-41.004737854003909, 9.424511909484864, 16.72087287902832],
                    "orientation": [-1.0, -0.0, -0.0, -0.0, -1.0, -0.0, 0.0, 0.0, 1.0],
                    "selected": true,
                    "locked": false,
                    "visibility": false,
                    "positionStatus": "defined"
                },
                {
                    "id": "39",
                    "label": "Centerline curve (5)-39",
                    "description": "",
                    "associatedNodeID": "",
                    "position": [-40.209529876708987, 9.508193016052246, 16.112260818481447],
                    "orientation": [-1.0, -0.0, -0.0, -0.0, -1.0, -0.0, 0.0, 0.0, 1.0],
                    "selected": true,
                    "locked": false,
                    "visibility": false,
                    "positionStatus": "defined"
                },
                {
                    "id": "40",
                    "label": "Centerline curve (5)-40",
                    "description": "",
                    "associatedNodeID": "",
                    "position": [-39.47926712036133, 9.742682456970215, 15.497358322143555],
                    "orientation": [-1.0, -0.0, -0.0, -0.0, -1.0, -0.0, 0.0, 0.0, 1.0],
                    "selected": true,
                    "locked": false,
                    "visibility": false,
                    "positionStatus": "defined"
                },
                {
                    "id": "41",
                    "label": "Centerline curve (5)-41",
                    "description": "",
                    "associatedNodeID": "",
                    "position": [-37.7070198059082, 10.224764823913575, 14.089375495910645],
                    "orientation": [-1.0, -0.0, -0.0, -0.0, -1.0, -0.0, 0.0, 0.0, 1.0],
                    "selected": true,
                    "locked": false,
                    "visibility": false,
                    "positionStatus": "defined"
                }
            ],
            "measurements": [
                {
                    "name": "length",
                    "enabled": false,
                    "units": "mm",
                    "printFormat": "%-#4.4g%s"
                },
                {
                    "name": "curvature mean",
                    "enabled": false,
                    "printFormat": "%5.3f %s"
                },
                {
                    "name": "curvature max",
                    "enabled": false,
                    "printFormat": "%5.3f %s"
                },
                {
                    "name": "Radius",
                    "enabled": true,
                    "units": "mm",
                    "controlPointValues": [
                        9.624845198429317,
                        7.612411979624359,
                        7.5164464126970069,
                        7.420480845769656,
                        7.339328413140974,
                        7.2708693300382809,
                        7.2242934921773369,
                        7.3378950018312889,
                        7.450981750519011,
                        7.614105029312235,
                        7.777228308105457,
                        7.9403515868986809,
                        8.102581837441179,
                        8.194459150574558,
                        8.337629082213626,
                        8.507952271570283,
                        8.674290583847505,
                        8.77057923344423,
                        8.83390787483841,
                        8.907449041803595,
                        8.98352155153097,
                        9.05497968591271,
                        9.121234643713514,
                        9.183938908197673,
                        9.233969202927023,
                        9.265552470269232,
                        9.237526119764585,
                        9.150098634103369,
                        9.073471105294763,
                        9.009781136436806,
                        9.00310057523859,
                        8.932116610306578,
                        8.789558263067884,
                        8.67063958281803,
                        8.568630874809874,
                        8.556102898743435,
                        8.554179125300088,
                        8.552600298879187,
                        8.527306241233229,
                        8.225275770169617,
                        8.225275770169617
                    ]
                }
            ],
            "display": {
                "visibility": true,
                "opacity": 1.0,
                "color": [0.4, 1.0, 1.0],
                "selectedColor": [0.8313725490196079, 0.9450980392156863, 0.16470588235294118],
                "activeColor": [0.4, 1.0, 0.0],
                "propertiesLabelVisibility": true,
                "pointLabelsVisibility": false,
                "textScale": 3.0,
                "glyphType": "Sphere3D",
                "glyphScale": 3.0,
                "glyphSize": 5.0,
                "useGlyphScale": true,
                "sliceProjection": false,
                "sliceProjectionUseFiducialColor": true,
                "sliceProjectionOutlinedBehindSlicePlane": false,
                "sliceProjectionColor": [1.0, 1.0, 1.0],
                "sliceProjectionOpacity": 0.6,
                "lineThickness": 0.2,
                "lineColorFadingStart": 1.0,
                "lineColorFadingEnd": 10.0,
                "lineColorFadingSaturation": 1.0,
                "lineColorFadingHueOffset": 0.0,
                "handlesInteractive": false,
                "translationHandleVisibility": true,
                "rotationHandleVisibility": true,
                "scaleHandleVisibility": true,
                "interactionHandleScale": 3.0,
                "snapMode": "toVisibleSurface"
            }
        }
    ]
}