{
    "@schema": "https://raw.githubusercontent.com/slicer/slicer/master/Modules/Loadable/Markups/Resources/Schema/markups-schema-v1.0.3.json#",
    "markups": [
        {
            "type": "Curve",
            "coordinateSystem": "LPS",
            "coordinateUnits": "mm",
            "locked": false,
            "fixedNumberOfControlPoints": false,
            "labelFormat": "%N-%d",
            "lastUsedControlPointNumber": 29,
            "controlPoints": [
                {
                    "id": "1",
                    "label": "Centerline curve (24)-1",
                    "description": "",
                    "associatedNodeID": "",
                    "position": [-601.2757568359375, -3.9151296615600588, 4.713229656219482],
                    "orientation": [-1.0, -0.0, -0.0, -0.0, -1.0, -0.0, 0.0, 0.0, 1.0],
                    "selected": true,
                    "locked": false,
                    "visibility": false,
                    "positionStatus": "defined"
                },
                {
                    "id": "2",
                    "label": "Centerline curve (24)-2",
                    "description": "",
                    "associatedNodeID": "",
                    "position": [-602.6575317382813, -2.652269124984741, 5.151529312133789],
                    "orientation": [-1.0, -0.0, -0.0, -0.0, -1.0, -0.0, 0.0, 0.0, 1.0],
                    "selected": true,
                    "locked": false,
                    "visibility": false,
                    "positionStatus": "defined"
                },
                {
                    "id": "3",
                    "label": "Centerline curve (24)-3",
                    "description": "",
                    "associatedNodeID": "",
                    "position": [-603.1887817382813, -1.8317937850952149, 5.485093593597412],
                    "orientation": [-1.0, -0.0, -0.0, -0.0, -1.0, -0.0, 0.0, 0.0, 1.0],
                    "selected": true,
                    "locked": false,
                    "visibility": false,
                    "positionStatus": "defined"
                },
                {
                    "id": "4",
                    "label": "Centerline curve (24)-4",
                    "description": "",
                    "associatedNodeID": "",
                    "position": [-603.70703125, -0.9473133683204651, 5.476132869720459],
                    "orientation": [-1.0, -0.0, -0.0, -0.0, -1.0, -0.0, 0.0, 0.0, 1.0],
                    "selected": true,
                    "locked": false,
                    "visibility": false,
                    "positionStatus": "defined"
                },
                {
                    "id": "5",
                    "label": "Centerline curve (24)-5",
                    "description": "",
                    "associatedNodeID": "",
                    "position": [-603.9237060546875, 0.02714737504720688, 5.728611946105957],
                    "orientation": [-1.0, -0.0, -0.0, -0.0, -1.0, -0.0, 0.0, 0.0, 1.0],
                    "selected": true,
                    "locked": false,
                    "visibility": false,
                    "positionStatus": "defined"
                },
                {
                    "id": "6",
                    "label": "Centerline curve (24)-6",
                    "description": "",
                    "associatedNodeID": "",
                    "position": [-604.0411987304688, 1.0197930335998536, 5.911184787750244],
                    "orientation": [-1.0, -0.0, -0.0, -0.0, -1.0, -0.0, 0.0, 0.0, 1.0],
                    "selected": true,
                    "locked": false,
                    "visibility": false,
                    "positionStatus": "defined"
                },
                {
                    "id": "7",
                    "label": "Centerline curve (24)-7",
                    "description": "",
                    "associatedNodeID": "",
                    "position": [-604.2178955078125, 1.956565499305725, 6.351709842681885],
                    "orientation": [-1.0, -0.0, -0.0, -0.0, -1.0, -0.0, 0.0, 0.0, 1.0],
                    "selected": true,
                    "locked": false,
                    "visibility": false,
                    "positionStatus": "defined"
                },
                {
                    "id": "8",
                    "label": "Centerline curve (24)-8",
                    "description": "",
                    "associatedNodeID": "",
                    "position": [-604.247314453125, 2.943600654602051, 6.549740314483643],
                    "orientation": [-1.0, -0.0, -0.0, -0.0, -1.0, -0.0, 0.0, 0.0, 1.0],
                    "selected": true,
                    "locked": false,
                    "visibility": false,
                    "positionStatus": "defined"
                },
                {
                    "id": "9",
                    "label": "Centerline curve (24)-9",
                    "description": "",
                    "associatedNodeID": "",
                    "position": [-604.1956176757813, 3.9159605503082277, 6.866129398345947],
                    "orientation": [-1.0, -0.0, -0.0, -0.0, -1.0, -0.0, 0.0, 0.0, 1.0],
                    "selected": true,
                    "locked": false,
                    "visibility": false,
                    "positionStatus": "defined"
                },
                {
                    "id": "10",
                    "label": "Centerline curve (24)-10",
                    "description": "",
                    "associatedNodeID": "",
                    "position": [-603.9104614257813, 4.843281269073486, 7.193404674530029],
                    "orientation": [-1.0, -0.0, -0.0, -0.0, -1.0, -0.0, 0.0, 0.0, 1.0],
                    "selected": true,
                    "locked": false,
                    "visibility": false,
                    "positionStatus": "defined"
                },
                {
                    "id": "11",
                    "label": "Centerline curve (24)-11",
                    "description": "",
                    "associatedNodeID": "",
                    "position": [-603.618896484375, 5.539968490600586, 7.894397258758545],
                    "orientation": [-1.0, -0.0, -0.0, -0.0, -1.0, -0.0, 0.0, 0.0, 1.0],
                    "selected": true,
                    "locked": false,
                    "visibility": false,
                    "positionStatus": "defined"
                },
                {
                    "id": "12",
                    "label": "Centerline curve (24)-12",
                    "description": "",
                    "associatedNodeID": "",
                    "position": [-603.12158203125, 6.262947082519531, 8.378084182739258],
                    "orientation": [-1.0, -0.0, -0.0, -0.0, -1.0, -0.0, 0.0, 0.0, 1.0],
                    "selected": true,
                    "locked": false,
                    "visibility": false,
                    "positionStatus": "defined"
                },
                {
                    "id": "13",
                    "label": "Centerline curve (24)-13",
                    "description": "",
                    "associatedNodeID": "",
                    "position": [-602.6637573242188, 6.887522220611572, 9.004867553710938],
                    "orientation": [-1.0, -0.0, -0.0, -0.0, -1.0, -0.0, 0.0, 0.0, 1.0],
                    "selected": true,
                    "locked": false,
                    "visibility": false,
                    "positionStatus": "defined"
                },
                {
                    "id": "14",
                    "label": "Centerline curve (24)-14",
                    "description": "",
                    "associatedNodeID": "",
                    "position": [-602.2574462890625, 7.498759746551514, 9.65851879119873],
                    "orientation": [-1.0, -0.0, -0.0, -0.0, -1.0, -0.0, 0.0, 0.0, 1.0],
                    "selected": true,
                    "locked": false,
                    "visibility": false,
                    "positionStatus": "defined"
                },
                {
                    "id": "15",
                    "label": "Centerline curve (24)-15",
                    "description": "",
                    "associatedNodeID": "",
                    "position": [-601.7740478515625, 7.780317306518555, 10.550679206848145],
                    "orientation": [-1.0, -0.0, -0.0, -0.0, -1.0, -0.0, 0.0, 0.0, 1.0],
                    "selected": true,
                    "locked": false,
                    "visibility": false,
                    "positionStatus": "defined"
                },
                {
                    "id": "16",
                    "label": "Centerline curve (24)-16",
                    "description": "",
                    "associatedNodeID": "",
                    "position": [-601.401611328125, 8.019693374633789, 11.464659690856934],
                    "orientation": [-1.0, -0.0, -0.0, -0.0, -1.0, -0.0, 0.0, 0.0, 1.0],
                    "selected": true,
                    "locked": false,
                    "visibility": false,
                    "positionStatus": "defined"
                },
                {
                    "id": "17",
                    "label": "Centerline curve (24)-17",
                    "description": "",
                    "associatedNodeID": "",
                    "position": [-600.8533325195313, 8.020796775817871, 12.339923858642579],
                    "orientation": [-1.0, -0.0, -0.0, -0.0, -1.0, -0.0, 0.0, 0.0, 1.0],
                    "selected": true,
                    "locked": false,
                    "visibility": false,
                    "positionStatus": "defined"
                },
                {
                    "id": "18",
                    "label": "Centerline curve (24)-18",
                    "description": "",
                    "associatedNodeID": "",
                    "position": [-600.9166870117188, 7.9793620109558109, 13.335540771484375],
                    "orientation": [-1.0, -0.0, -0.0, -0.0, -1.0, -0.0, 0.0, 0.0, 1.0],
                    "selected": true,
                    "locked": false,
                    "visibility": false,
                    "positionStatus": "defined"
                },
                {
                    "id": "19",
                    "label": "Centerline curve (24)-19",
                    "description": "",
                    "associatedNodeID": "",
                    "position": [-600.736328125, 7.8588972091674809, 14.336111068725586],
                    "orientation": [-1.0, -0.0, -0.0, -0.0, -1.0, -0.0, 0.0, 0.0, 1.0],
                    "selected": true,
                    "locked": false,
                    "visibility": false,
                    "positionStatus": "defined"
                },
                {
                    "id": "20",
                    "label": "Centerline curve (24)-20",
                    "description": "",
                    "associatedNodeID": "",
                    "position": [-600.91552734375, 7.433480262756348, 15.304791450500489],
                    "orientation": [-1.0, -0.0, -0.0, -0.0, -1.0, -0.0, 0.0, 0.0, 1.0],
                    "selected": true,
                    "locked": false,
                    "visibility": false,
                    "positionStatus": "defined"
                },
                {
                    "id": "21",
                    "label": "Centerline curve (24)-21",
                    "description": "",
                    "associatedNodeID": "",
                    "position": [-601.0504760742188, 7.4062652587890629, 16.273122787475587],
                    "orientation": [-1.0, -0.0, -0.0, -0.0, -1.0, -0.0, 0.0, 0.0, 1.0],
                    "selected": true,
                    "locked": false,
                    "visibility": false,
                    "positionStatus": "defined"
                },
                {
                    "id": "22",
                    "label": "Centerline curve (24)-22",
                    "description": "",
                    "associatedNodeID": "",
                    "position": [-601.1912841796875, 7.252904415130615, 17.32771110534668],
                    "orientation": [-1.0, -0.0, -0.0, -0.0, -1.0, -0.0, 0.0, 0.0, 1.0],
                    "selected": true,
                    "locked": false,
                    "visibility": false,
                    "positionStatus": "defined"
                },
                {
                    "id": "23",
                    "label": "Centerline curve (24)-23",
                    "description": "",
                    "associatedNodeID": "",
                    "position": [-601.61865234375, 7.091141223907471, 18.187288284301759],
                    "orientation": [-1.0, -0.0, -0.0, -0.0, -1.0, -0.0, 0.0, 0.0, 1.0],
                    "selected": true,
                    "locked": false,
                    "visibility": false,
                    "positionStatus": "defined"
                },
                {
                    "id": "24",
                    "label": "Centerline curve (24)-24",
                    "description": "",
                    "associatedNodeID": "",
                    "position": [-602.2099609375, 6.892567157745361, 18.962669372558595],
                    "orientation": [-1.0, -0.0, -0.0, -0.0, -1.0, -0.0, 0.0, 0.0, 1.0],
                    "selected": true,
                    "locked": false,
                    "visibility": false,
                    "positionStatus": "defined"
                },
                {
                    "id": "25",
                    "label": "Centerline curve (24)-25",
                    "description": "",
                    "associatedNodeID": "",
                    "position": [-603.0272827148438, 6.707040786743164, 19.58125114440918],
                    "orientation": [-1.0, -0.0, -0.0, -0.0, -1.0, -0.0, 0.0, 0.0, 1.0],
                    "selected": true,
                    "locked": false,
                    "visibility": false,
                    "positionStatus": "defined"
                },
                {
                    "id": "26",
                    "label": "Centerline curve (24)-26",
                    "description": "",
                    "associatedNodeID": "",
                    "position": [-603.96728515625, 6.548518180847168, 19.941179275512697],
                    "orientation": [-1.0, -0.0, -0.0, -0.0, -1.0, -0.0, 0.0, 0.0, 1.0],
                    "selected": true,
                    "locked": false,
                    "visibility": false,
                    "positionStatus": "defined"
                },
                {
                    "id": "27",
                    "label": "Centerline curve (24)-27",
                    "description": "",
                    "associatedNodeID": "",
                    "position": [-604.7945556640625, 6.589778423309326, 20.522232055664064],
                    "orientation": [-1.0, -0.0, -0.0, -0.0, -1.0, -0.0, 0.0, 0.0, 1.0],
                    "selected": true,
                    "locked": false,
                    "visibility": false,
                    "positionStatus": "defined"
                },
                {
                    "id": "28",
                    "label": "Centerline curve (24)-28",
                    "description": "",
                    "associatedNodeID": "",
                    "position": [-605.8023681640625, 6.393726825714111, 20.630311965942384],
                    "orientation": [-1.0, -0.0, -0.0, -0.0, -1.0, -0.0, 0.0, 0.0, 1.0],
                    "selected": true,
                    "locked": false,
                    "visibility": false,
                    "positionStatus": "defined"
                },
                {
                    "id": "29",
                    "label": "Centerline curve (24)-29",
                    "description": "",
                    "associatedNodeID": "",
                    "position": [-606.5399169921875, 6.177902698516846, 21.23434829711914],
                    "orientation": [-1.0, -0.0, -0.0, -0.0, -1.0, -0.0, 0.0, 0.0, 1.0],
                    "selected": true,
                    "locked": false,
                    "visibility": false,
                    "positionStatus": "defined"
                }
            ],
            "measurements": [
                {
                    "name": "length",
                    "enabled": false,
                    "units": "mm",
                    "printFormat": "%-#4.4g%s"
                },
                {
                    "name": "curvature mean",
                    "enabled": false,
                    "printFormat": "%5.3f %s"
                },
                {
                    "name": "curvature max",
                    "enabled": false,
                    "printFormat": "%5.3f %s"
                },
                {
                    "name": "Radius",
                    "enabled": true,
                    "units": "mm",
                    "controlPointValues": [
                        2.132036397494071,
                        1.590644802190441,
                        1.4488287128666136,
                        1.4883785715171463,
                        1.4017828819313203,
                        1.3344640148846628,
                        1.3444479735964239,
                        1.3398841333726255,
                        1.38034099462311,
                        1.369782885470028,
                        1.3576403178768218,
                        1.2878659966901412,
                        1.3448443249706222,
                        1.3928611638299449,
                        1.372178341456398,
                        1.3960588527376934,
                        1.4144405440298547,
                        1.2999624712889766,
                        1.2123744300791506,
                        1.204100826921098,
                        1.1996762694137553,
                        1.3340867610550523,
                        1.3388105167506004,
                        1.2961981813540522,
                        1.1664757723319597,
                        1.1021723323703872,
                        1.2221639573510857,
                        1.184842519076249,
                        1.0595301788114038
                    ]
                }
            ],
            "display": {
                "visibility": true,
                "opacity": 1.0,
                "color": [0.4, 1.0, 1.0],
                "selectedColor": [0.8235294117647058, 0.43529411764705885, 0.4392156862745098],
                "activeColor": [0.4, 1.0, 0.0],
                "propertiesLabelVisibility": true,
                "pointLabelsVisibility": false,
                "textScale": 3.0,
                "glyphType": "Sphere3D",
                "glyphScale": 3.0,
                "glyphSize": 5.0,
                "useGlyphScale": true,
                "sliceProjection": false,
                "sliceProjectionUseFiducialColor": true,
                "sliceProjectionOutlinedBehindSlicePlane": false,
                "sliceProjectionColor": [1.0, 1.0, 1.0],
                "sliceProjectionOpacity": 0.6,
                "lineThickness": 0.2,
                "lineColorFadingStart": 1.0,
                "lineColorFadingEnd": 10.0,
                "lineColorFadingSaturation": 1.0,
                "lineColorFadingHueOffset": 0.0,
                "handlesInteractive": false,
                "translationHandleVisibility": true,
                "rotationHandleVisibility": true,
                "scaleHandleVisibility": true,
                "interactionHandleScale": 3.0,
                "snapMode": "toVisibleSurface"
            }
        }
    ]
}