{
    "@schema": "https://raw.githubusercontent.com/slicer/slicer/master/Modules/Loadable/Markups/Resources/Schema/markups-schema-v1.0.3.json#",
    "markups": [
        {
            "type": "Curve",
            "coordinateSystem": "LPS",
            "coordinateUnits": "mm",
            "locked": false,
            "fixedNumberOfControlPoints": false,
            "labelFormat": "%N-%d",
            "lastUsedControlPointNumber": 5,
            "controlPoints": [
                {
                    "id": "1",
                    "label": "Centerline curve (31)-1",
                    "description": "",
                    "associatedNodeID": "",
                    "position": [-598.9351196289063, 9.053132057189942, -7.215282440185547],
                    "orientation": [-1.0, -0.0, -0.0, -0.0, -1.0, -0.0, 0.0, 0.0, 1.0],
                    "selected": true,
                    "locked": false,
                    "visibility": false,
                    "positionStatus": "defined"
                },
                {
                    "id": "2",
                    "label": "Centerline curve (31)-2",
                    "description": "",
                    "associatedNodeID": "",
                    "position": [-600.1187744140625, 10.557743072509766, -7.085430145263672],
                    "orientation": [-1.0, -0.0, -0.0, -0.0, -1.0, -0.0, 0.0, 0.0, 1.0],
                    "selected": true,
                    "locked": false,
                    "visibility": false,
                    "positionStatus": "defined"
                },
                {
                    "id": "3",
                    "label": "Centerline curve (31)-3",
                    "description": "",
                    "associatedNodeID": "",
                    "position": [-600.9697265625, 11.443204879760743, -6.794764995574951],
                    "orientation": [-1.0, -0.0, -0.0, -0.0, -1.0, -0.0, 0.0, 0.0, 1.0],
                    "selected": true,
                    "locked": false,
                    "visibility": false,
                    "positionStatus": "defined"
                },
                {
                    "id": "4",
                    "label": "Centerline curve (31)-4",
                    "description": "",
                    "associatedNodeID": "",
                    "position": [-601.8333740234375, 12.35793399810791, -6.5371832847595219],
                    "orientation": [-1.0, -0.0, -0.0, -0.0, -1.0, -0.0, 0.0, 0.0, 1.0],
                    "selected": true,
                    "locked": false,
                    "visibility": false,
                    "positionStatus": "defined"
                },
                {
                    "id": "5",
                    "label": "Centerline curve (31)-5",
                    "description": "",
                    "associatedNodeID": "",
                    "position": [-602.2977905273438, 13.459759712219239, -6.186102867126465],
                    "orientation": [-1.0, -0.0, -0.0, -0.0, -1.0, -0.0, 0.0, 0.0, 1.0],
                    "selected": true,
                    "locked": false,
                    "visibility": false,
                    "positionStatus": "defined"
                }
            ],
            "measurements": [
                {
                    "name": "length",
                    "enabled": false,
                    "units": "mm",
                    "printFormat": "%-#4.4g%s"
                },
                {
                    "name": "curvature mean",
                    "enabled": false,
                    "printFormat": "%5.3f %s"
                },
                {
                    "name": "curvature max",
                    "enabled": false,
                    "printFormat": "%5.3f %s"
                },
                {
                    "name": "Radius",
                    "enabled": true,
                    "units": "mm",
                    "controlPointValues": [
                        2.3744538061096289,
                        1.876842608474297,
                        1.7335593094650786,
                        1.6216312013860775,
                        1.5887472250882189
                    ]
                }
            ],
            "display": {
                "visibility": true,
                "opacity": 1.0,
                "color": [0.4, 1.0, 1.0],
                "selectedColor": [0.8392156862745098, 0.8156862745098039, 0.40784313725490198],
                "activeColor": [0.4, 1.0, 0.0],
                "propertiesLabelVisibility": true,
                "pointLabelsVisibility": false,
                "textScale": 3.0,
                "glyphType": "Sphere3D",
                "glyphScale": 3.0,
                "glyphSize": 5.0,
                "useGlyphScale": true,
                "sliceProjection": false,
                "sliceProjectionUseFiducialColor": true,
                "sliceProjectionOutlinedBehindSlicePlane": false,
                "sliceProjectionColor": [1.0, 1.0, 1.0],
                "sliceProjectionOpacity": 0.6,
                "lineThickness": 0.2,
                "lineColorFadingStart": 1.0,
                "lineColorFadingEnd": 10.0,
                "lineColorFadingSaturation": 1.0,
                "lineColorFadingHueOffset": 0.0,
                "handlesInteractive": false,
                "translationHandleVisibility": true,
                "rotationHandleVisibility": true,
                "scaleHandleVisibility": true,
                "interactionHandleScale": 3.0,
                "snapMode": "toVisibleSurface"
            }
        }
    ]
}