{
    "@schema": "https://raw.githubusercontent.com/slicer/slicer/master/Modules/Loadable/Markups/Resources/Schema/markups-schema-v1.0.3.json#",
    "markups": [
        {
            "type": "Curve",
            "coordinateSystem": "LPS",
            "coordinateUnits": "mm",
            "locked": false,
            "fixedNumberOfControlPoints": false,
            "labelFormat": "%N-%d",
            "lastUsedControlPointNumber": 33,
            "controlPoints": [
                {
                    "id": "1",
                    "label": "Centerline curve (18)-1",
                    "description": "",
                    "associatedNodeID": "",
                    "position": [-391.95465087890627, 46.66441345214844, -33.90648651123047],
                    "orientation": [-1.0, -0.0, -0.0, -0.0, -1.0, -0.0, 0.0, 0.0, 1.0],
                    "selected": true,
                    "locked": false,
                    "visibility": false,
                    "positionStatus": "defined"
                },
                {
                    "id": "2",
                    "label": "Centerline curve (18)-2",
                    "description": "",
                    "associatedNodeID": "",
                    "position": [-403.2466735839844, 48.5096321105957, -36.39749526977539],
                    "orientation": [-1.0, -0.0, -0.0, -0.0, -1.0, -0.0, 0.0, 0.0, 1.0],
                    "selected": true,
                    "locked": false,
                    "visibility": false,
                    "positionStatus": "defined"
                },
                {
                    "id": "3",
                    "label": "Centerline curve (18)-3",
                    "description": "",
                    "associatedNodeID": "",
                    "position": [-404.0899658203125, 48.70330047607422, -36.91928482055664],
                    "orientation": [-1.0, -0.0, -0.0, -0.0, -1.0, -0.0, 0.0, 0.0, 1.0],
                    "selected": true,
                    "locked": false,
                    "visibility": false,
                    "positionStatus": "defined"
                },
                {
                    "id": "4",
                    "label": "Centerline curve (18)-4",
                    "description": "",
                    "associatedNodeID": "",
                    "position": [-404.9261779785156, 48.96337127685547, -37.430076599121097],
                    "orientation": [-1.0, -0.0, -0.0, -0.0, -1.0, -0.0, 0.0, 0.0, 1.0],
                    "selected": true,
                    "locked": false,
                    "visibility": false,
                    "positionStatus": "defined"
                },
                {
                    "id": "5",
                    "label": "Centerline curve (18)-5",
                    "description": "",
                    "associatedNodeID": "",
                    "position": [-405.7914123535156, 49.12968444824219, -37.926124572753909],
                    "orientation": [-1.0, -0.0, -0.0, -0.0, -1.0, -0.0, 0.0, 0.0, 1.0],
                    "selected": true,
                    "locked": false,
                    "visibility": false,
                    "positionStatus": "defined"
                },
                {
                    "id": "6",
                    "label": "Centerline curve (18)-6",
                    "description": "",
                    "associatedNodeID": "",
                    "position": [-406.5705261230469, 49.34239196777344, -38.536922454833987],
                    "orientation": [-1.0, -0.0, -0.0, -0.0, -1.0, -0.0, 0.0, 0.0, 1.0],
                    "selected": true,
                    "locked": false,
                    "visibility": false,
                    "positionStatus": "defined"
                },
                {
                    "id": "7",
                    "label": "Centerline curve (18)-7",
                    "description": "",
                    "associatedNodeID": "",
                    "position": [-407.3622131347656, 49.673648834228519, -39.07797622680664],
                    "orientation": [-1.0, -0.0, -0.0, -0.0, -1.0, -0.0, 0.0, 0.0, 1.0],
                    "selected": true,
                    "locked": false,
                    "visibility": false,
                    "positionStatus": "defined"
                },
                {
                    "id": "8",
                    "label": "Centerline curve (18)-8",
                    "description": "",
                    "associatedNodeID": "",
                    "position": [-408.20361328125, 50.063350677490237, -39.48910140991211],
                    "orientation": [-1.0, -0.0, -0.0, -0.0, -1.0, -0.0, 0.0, 0.0, 1.0],
                    "selected": true,
                    "locked": false,
                    "visibility": false,
                    "positionStatus": "defined"
                },
                {
                    "id": "9",
                    "label": "Centerline curve (18)-9",
                    "description": "",
                    "associatedNodeID": "",
                    "position": [-409.03778076171877, 50.28089141845703, -40.014957427978519],
                    "orientation": [-1.0, -0.0, -0.0, -0.0, -1.0, -0.0, 0.0, 0.0, 1.0],
                    "selected": true,
                    "locked": false,
                    "visibility": false,
                    "positionStatus": "defined"
                },
                {
                    "id": "10",
                    "label": "Centerline curve (18)-10",
                    "description": "",
                    "associatedNodeID": "",
                    "position": [-409.92584228515627, 50.468833923339847, -40.46891784667969],
                    "orientation": [-1.0, -0.0, -0.0, -0.0, -1.0, -0.0, 0.0, 0.0, 1.0],
                    "selected": true,
                    "locked": false,
                    "visibility": false,
                    "positionStatus": "defined"
                },
                {
                    "id": "11",
                    "label": "Centerline curve (18)-11",
                    "description": "",
                    "associatedNodeID": "",
                    "position": [-410.8472900390625, 50.69537353515625, -40.82602310180664],
                    "orientation": [-1.0, -0.0, -0.0, -0.0, -1.0, -0.0, 0.0, 0.0, 1.0],
                    "selected": true,
                    "locked": false,
                    "visibility": false,
                    "positionStatus": "defined"
                },
                {
                    "id": "12",
                    "label": "Centerline curve (18)-12",
                    "description": "",
                    "associatedNodeID": "",
                    "position": [-411.7624206542969, 50.92289733886719, -41.19308853149414],
                    "orientation": [-1.0, -0.0, -0.0, -0.0, -1.0, -0.0, 0.0, 0.0, 1.0],
                    "selected": true,
                    "locked": false,
                    "visibility": false,
                    "positionStatus": "defined"
                },
                {
                    "id": "13",
                    "label": "Centerline curve (18)-13",
                    "description": "",
                    "associatedNodeID": "",
                    "position": [-412.73333740234377, 51.069175720214847, -41.48394775390625],
                    "orientation": [-1.0, -0.0, -0.0, -0.0, -1.0, -0.0, 0.0, 0.0, 1.0],
                    "selected": true,
                    "locked": false,
                    "visibility": false,
                    "positionStatus": "defined"
                },
                {
                    "id": "14",
                    "label": "Centerline curve (18)-14",
                    "description": "",
                    "associatedNodeID": "",
                    "position": [-413.6928405761719, 51.13479995727539, -41.771141052246097],
                    "orientation": [-1.0, -0.0, -0.0, -0.0, -1.0, -0.0, 0.0, 0.0, 1.0],
                    "selected": true,
                    "locked": false,
                    "visibility": false,
                    "positionStatus": "defined"
                },
                {
                    "id": "15",
                    "label": "Centerline curve (18)-15",
                    "description": "",
                    "associatedNodeID": "",
                    "position": [-414.6766662597656, 51.16837692260742, -42.009559631347659],
                    "orientation": [-1.0, -0.0, -0.0, -0.0, -1.0, -0.0, 0.0, 0.0, 1.0],
                    "selected": true,
                    "locked": false,
                    "visibility": false,
                    "positionStatus": "defined"
                },
                {
                    "id": "16",
                    "label": "Centerline curve (18)-16",
                    "description": "",
                    "associatedNodeID": "",
                    "position": [-415.671630859375, 51.110862731933597, -42.184993743896487],
                    "orientation": [-1.0, -0.0, -0.0, -0.0, -1.0, -0.0, 0.0, 0.0, 1.0],
                    "selected": true,
                    "locked": false,
                    "visibility": false,
                    "positionStatus": "defined"
                },
                {
                    "id": "17",
                    "label": "Centerline curve (18)-17",
                    "description": "",
                    "associatedNodeID": "",
                    "position": [-416.6688537597656, 51.009246826171878, -42.29456329345703],
                    "orientation": [-1.0, -0.0, -0.0, -0.0, -1.0, -0.0, 0.0, 0.0, 1.0],
                    "selected": true,
                    "locked": false,
                    "visibility": false,
                    "positionStatus": "defined"
                },
                {
                    "id": "18",
                    "label": "Centerline curve (18)-18",
                    "description": "",
                    "associatedNodeID": "",
                    "position": [-417.6729431152344, 50.88069152832031, -42.235321044921878],
                    "orientation": [-1.0, -0.0, -0.0, -0.0, -1.0, -0.0, 0.0, 0.0, 1.0],
                    "selected": true,
                    "locked": false,
                    "visibility": false,
                    "positionStatus": "defined"
                },
                {
                    "id": "19",
                    "label": "Centerline curve (18)-19",
                    "description": "",
                    "associatedNodeID": "",
                    "position": [-418.641357421875, 50.62076187133789, -42.07594680786133],
                    "orientation": [-1.0, -0.0, -0.0, -0.0, -1.0, -0.0, 0.0, 0.0, 1.0],
                    "selected": true,
                    "locked": false,
                    "visibility": false,
                    "positionStatus": "defined"
                },
                {
                    "id": "20",
                    "label": "Centerline curve (18)-20",
                    "description": "",
                    "associatedNodeID": "",
                    "position": [-419.56793212890627, 50.29231643676758, -41.83068084716797],
                    "orientation": [-1.0, -0.0, -0.0, -0.0, -1.0, -0.0, 0.0, 0.0, 1.0],
                    "selected": true,
                    "locked": false,
                    "visibility": false,
                    "positionStatus": "defined"
                },
                {
                    "id": "21",
                    "label": "Centerline curve (18)-21",
                    "description": "",
                    "associatedNodeID": "",
                    "position": [-420.4790954589844, 50.00704574584961, -41.491092681884769],
                    "orientation": [-1.0, -0.0, -0.0, -0.0, -1.0, -0.0, 0.0, 0.0, 1.0],
                    "selected": true,
                    "locked": false,
                    "visibility": false,
                    "positionStatus": "defined"
                },
                {
                    "id": "22",
                    "label": "Centerline curve (18)-22",
                    "description": "",
                    "associatedNodeID": "",
                    "position": [-421.2765197753906, 49.621131896972659, -41.00314712524414],
                    "orientation": [-1.0, -0.0, -0.0, -0.0, -1.0, -0.0, 0.0, 0.0, 1.0],
                    "selected": true,
                    "locked": false,
                    "visibility": false,
                    "positionStatus": "defined"
                },
                {
                    "id": "23",
                    "label": "Centerline curve (18)-23",
                    "description": "",
                    "associatedNodeID": "",
                    "position": [-422.121826171875, 49.2726936340332, -40.57441711425781],
                    "orientation": [-1.0, -0.0, -0.0, -0.0, -1.0, -0.0, 0.0, 0.0, 1.0],
                    "selected": true,
                    "locked": false,
                    "visibility": false,
                    "positionStatus": "defined"
                },
                {
                    "id": "24",
                    "label": "Centerline curve (18)-24",
                    "description": "",
                    "associatedNodeID": "",
                    "position": [-422.97747802734377, 49.02541732788086, -40.0892219543457],
                    "orientation": [-1.0, -0.0, -0.0, -0.0, -1.0, -0.0, 0.0, 0.0, 1.0],
                    "selected": true,
                    "locked": false,
                    "visibility": false,
                    "positionStatus": "defined"
                },
                {
                    "id": "25",
                    "label": "Centerline curve (18)-25",
                    "description": "",
                    "associatedNodeID": "",
                    "position": [-423.74151611328127, 48.781192779541019, -39.4693717956543],
                    "orientation": [-1.0, -0.0, -0.0, -0.0, -1.0, -0.0, 0.0, 0.0, 1.0],
                    "selected": true,
                    "locked": false,
                    "visibility": false,
                    "positionStatus": "defined"
                },
                {
                    "id": "26",
                    "label": "Centerline curve (18)-26",
                    "description": "",
                    "associatedNodeID": "",
                    "position": [-424.497314453125, 48.502567291259769, -38.86134338378906],
                    "orientation": [-1.0, -0.0, -0.0, -0.0, -1.0, -0.0, 0.0, 0.0, 1.0],
                    "selected": true,
                    "locked": false,
                    "visibility": false,
                    "positionStatus": "defined"
                },
                {
                    "id": "27",
                    "label": "Centerline curve (18)-27",
                    "description": "",
                    "associatedNodeID": "",
                    "position": [-425.2489929199219, 48.151390075683597, -38.279300689697269],
                    "orientation": [-1.0, -0.0, -0.0, -0.0, -1.0, -0.0, 0.0, 0.0, 1.0],
                    "selected": true,
                    "locked": false,
                    "visibility": false,
                    "positionStatus": "defined"
                },
                {
                    "id": "28",
                    "label": "Centerline curve (18)-28",
                    "description": "",
                    "associatedNodeID": "",
                    "position": [-425.99041748046877, 47.84028244018555, -37.66204833984375],
                    "orientation": [-1.0, -0.0, -0.0, -0.0, -1.0, -0.0, 0.0, 0.0, 1.0],
                    "selected": true,
                    "locked": false,
                    "visibility": false,
                    "positionStatus": "defined"
                },
                {
                    "id": "29",
                    "label": "Centerline curve (18)-29",
                    "description": "",
                    "associatedNodeID": "",
                    "position": [-426.6996765136719, 47.57819366455078, -36.99528121948242],
                    "orientation": [-1.0, -0.0, -0.0, -0.0, -1.0, -0.0, 0.0, 0.0, 1.0],
                    "selected": true,
                    "locked": false,
                    "visibility": false,
                    "positionStatus": "defined"
                },
                {
                    "id": "30",
                    "label": "Centerline curve (18)-30",
                    "description": "",
                    "associatedNodeID": "",
                    "position": [-427.4984436035156, 47.41065216064453, -36.39766311645508],
                    "orientation": [-1.0, -0.0, -0.0, -0.0, -1.0, -0.0, 0.0, 0.0, 1.0],
                    "selected": true,
                    "locked": false,
                    "visibility": false,
                    "positionStatus": "defined"
                },
                {
                    "id": "31",
                    "label": "Centerline curve (18)-31",
                    "description": "",
                    "associatedNodeID": "",
                    "position": [-428.2997131347656, 47.26335525512695, -35.79819107055664],
                    "orientation": [-1.0, -0.0, -0.0, -0.0, -1.0, -0.0, 0.0, 0.0, 1.0],
                    "selected": true,
                    "locked": false,
                    "visibility": false,
                    "positionStatus": "defined"
                },
                {
                    "id": "32",
                    "label": "Centerline curve (18)-32",
                    "description": "",
                    "associatedNodeID": "",
                    "position": [-429.176513671875, 47.323509216308597, -35.31224822998047],
                    "orientation": [-1.0, -0.0, -0.0, -0.0, -1.0, -0.0, 0.0, 0.0, 1.0],
                    "selected": true,
                    "locked": false,
                    "visibility": false,
                    "positionStatus": "defined"
                },
                {
                    "id": "33",
                    "label": "Centerline curve (18)-33",
                    "description": "",
                    "associatedNodeID": "",
                    "position": [-430.11236572265627, 47.53695297241211, -34.466392517089847],
                    "orientation": [-1.0, -0.0, -0.0, -0.0, -1.0, -0.0, 0.0, 0.0, 1.0],
                    "selected": true,
                    "locked": false,
                    "visibility": false,
                    "positionStatus": "defined"
                }
            ],
            "measurements": [
                {
                    "name": "length",
                    "enabled": false,
                    "units": "mm",
                    "printFormat": "%-#4.4g%s"
                },
                {
                    "name": "curvature mean",
                    "enabled": false,
                    "printFormat": "%5.3f %s"
                },
                {
                    "name": "curvature max",
                    "enabled": false,
                    "printFormat": "%5.3f %s"
                },
                {
                    "name": "Radius",
                    "enabled": true,
                    "units": "mm",
                    "controlPointValues": [
                        12.629050113043619,
                        6.604792843967738,
                        6.317249507034656,
                        6.083818821165886,
                        5.933814107750712,
                        5.841365364142458,
                        5.783819811002999,
                        5.805718593107681,
                        5.742826721974783,
                        5.6756067783436558,
                        5.660793842828819,
                        5.683775772737068,
                        5.630154415929265,
                        5.5042315074396559,
                        5.365294677874677,
                        5.256893063731173,
                        5.167288249833756,
                        4.997178409732838,
                        4.869043746022809,
                        4.73261331993604,
                        4.567627067710263,
                        4.433391775734986,
                        4.338079380231747,
                        4.330250559463473,
                        4.392083258228824,
                        4.411643217100235,
                        4.408743082588961,
                        4.396026929763499,
                        4.372575744842867,
                        4.3357683871195269,
                        4.294284357138864,
                        4.16623031515916,
                        4.16623031515916
                    ]
                }
            ],
            "display": {
                "visibility": true,
                "opacity": 1.0,
                "color": [0.4, 1.0, 1.0],
                "selectedColor": [0.8, 0.6901960784313725, 0.17647058823529414],
                "activeColor": [0.4, 1.0, 0.0],
                "propertiesLabelVisibility": true,
                "pointLabelsVisibility": false,
                "textScale": 3.0,
                "glyphType": "Sphere3D",
                "glyphScale": 3.0,
                "glyphSize": 5.0,
                "useGlyphScale": true,
                "sliceProjection": false,
                "sliceProjectionUseFiducialColor": true,
                "sliceProjectionOutlinedBehindSlicePlane": false,
                "sliceProjectionColor": [1.0, 1.0, 1.0],
                "sliceProjectionOpacity": 0.6,
                "lineThickness": 0.2,
                "lineColorFadingStart": 1.0,
                "lineColorFadingEnd": 10.0,
                "lineColorFadingSaturation": 1.0,
                "lineColorFadingHueOffset": 0.0,
                "handlesInteractive": false,
                "translationHandleVisibility": true,
                "rotationHandleVisibility": true,
                "scaleHandleVisibility": true,
                "interactionHandleScale": 3.0,
                "snapMode": "toVisibleSurface"
            }
        }
    ]
}