{
    "@schema": "https://raw.githubusercontent.com/slicer/slicer/master/Modules/Loadable/Markups/Resources/Schema/markups-schema-v1.0.3.json#",
    "markups": [
        {
            "type": "Curve",
            "coordinateSystem": "LPS",
            "coordinateUnits": "mm",
            "locked": false,
            "fixedNumberOfControlPoints": false,
            "labelFormat": "%N-%d",
            "lastUsedControlPointNumber": 21,
            "controlPoints": [
                {
                    "id": "1",
                    "label": "Centerline curve (7)-1",
                    "description": "",
                    "associatedNodeID": "",
                    "position": [-37.7070198059082, 10.224764823913575, 14.089375495910645],
                    "orientation": [-1.0, -0.0, -0.0, -0.0, -1.0, -0.0, 0.0, 0.0, 1.0],
                    "selected": true,
                    "locked": false,
                    "visibility": false,
                    "positionStatus": "defined"
                },
                {
                    "id": "2",
                    "label": "Centerline curve (7)-2",
                    "description": "",
                    "associatedNodeID": "",
                    "position": [-31.870088577270509, 8.23843765258789, 12.138669967651368],
                    "orientation": [-1.0, -0.0, -0.0, -0.0, -1.0, -0.0, 0.0, 0.0, 1.0],
                    "selected": true,
                    "locked": false,
                    "visibility": false,
                    "positionStatus": "defined"
                },
                {
                    "id": "3",
                    "label": "Centerline curve (7)-3",
                    "description": "",
                    "associatedNodeID": "",
                    "position": [-30.91256332397461, 8.264966011047364, 11.767271995544434],
                    "orientation": [-1.0, -0.0, -0.0, -0.0, -1.0, -0.0, 0.0, 0.0, 1.0],
                    "selected": true,
                    "locked": false,
                    "visibility": false,
                    "positionStatus": "defined"
                },
                {
                    "id": "4",
                    "label": "Centerline curve (7)-4",
                    "description": "",
                    "associatedNodeID": "",
                    "position": [-29.92597198486328, 8.204322814941407, 11.481183052062989],
                    "orientation": [-1.0, -0.0, -0.0, -0.0, -1.0, -0.0, 0.0, 0.0, 1.0],
                    "selected": true,
                    "locked": false,
                    "visibility": false,
                    "positionStatus": "defined"
                },
                {
                    "id": "5",
                    "label": "Centerline curve (7)-5",
                    "description": "",
                    "associatedNodeID": "",
                    "position": [-28.93254852294922, 8.197345733642579, 11.172691345214844],
                    "orientation": [-1.0, -0.0, -0.0, -0.0, -1.0, -0.0, 0.0, 0.0, 1.0],
                    "selected": true,
                    "locked": false,
                    "visibility": false,
                    "positionStatus": "defined"
                },
                {
                    "id": "6",
                    "label": "Centerline curve (7)-6",
                    "description": "",
                    "associatedNodeID": "",
                    "position": [-28.026277542114259, 8.228148460388184, 10.684688568115235],
                    "orientation": [-1.0, -0.0, -0.0, -0.0, -1.0, -0.0, 0.0, 0.0, 1.0],
                    "selected": true,
                    "locked": false,
                    "visibility": false,
                    "positionStatus": "defined"
                },
                {
                    "id": "7",
                    "label": "Centerline curve (7)-7",
                    "description": "",
                    "associatedNodeID": "",
                    "position": [-27.145648956298829, 8.180974960327149, 10.160896301269532],
                    "orientation": [-1.0, -0.0, -0.0, -0.0, -1.0, -0.0, 0.0, 0.0, 1.0],
                    "selected": true,
                    "locked": false,
                    "visibility": false,
                    "positionStatus": "defined"
                },
                {
                    "id": "8",
                    "label": "Centerline curve (7)-8",
                    "description": "",
                    "associatedNodeID": "",
                    "position": [-26.256025314331056, 8.021093368530274, 9.672333717346192],
                    "orientation": [-1.0, -0.0, -0.0, -0.0, -1.0, -0.0, 0.0, 0.0, 1.0],
                    "selected": true,
                    "locked": false,
                    "visibility": false,
                    "positionStatus": "defined"
                },
                {
                    "id": "9",
                    "label": "Centerline curve (7)-9",
                    "description": "",
                    "associatedNodeID": "",
                    "position": [-25.360631942749025, 7.867286682128906, 9.174962997436524],
                    "orientation": [-1.0, -0.0, -0.0, -0.0, -1.0, -0.0, 0.0, 0.0, 1.0],
                    "selected": true,
                    "locked": false,
                    "visibility": false,
                    "positionStatus": "defined"
                },
                {
                    "id": "10",
                    "label": "Centerline curve (7)-10",
                    "description": "",
                    "associatedNodeID": "",
                    "position": [-24.546377182006837, 7.885890483856201, 8.54881477355957],
                    "orientation": [-1.0, -0.0, -0.0, -0.0, -1.0, -0.0, 0.0, 0.0, 1.0],
                    "selected": true,
                    "locked": false,
                    "visibility": false,
                    "positionStatus": "defined"
                },
                {
                    "id": "11",
                    "label": "Centerline curve (7)-11",
                    "description": "",
                    "associatedNodeID": "",
                    "position": [-23.72556495666504, 7.877176284790039, 7.928745269775391],
                    "orientation": [-1.0, -0.0, -0.0, -0.0, -1.0, -0.0, 0.0, 0.0, 1.0],
                    "selected": true,
                    "locked": false,
                    "visibility": false,
                    "positionStatus": "defined"
                },
                {
                    "id": "12",
                    "label": "Centerline curve (7)-12",
                    "description": "",
                    "associatedNodeID": "",
                    "position": [-22.859708786010743, 7.7227044105529789, 7.384117126464844],
                    "orientation": [-1.0, -0.0, -0.0, -0.0, -1.0, -0.0, 0.0, 0.0, 1.0],
                    "selected": true,
                    "locked": false,
                    "visibility": false,
                    "positionStatus": "defined"
                },
                {
                    "id": "13",
                    "label": "Centerline curve (7)-13",
                    "description": "",
                    "associatedNodeID": "",
                    "position": [-21.927349090576173, 7.6232404708862309, 6.945754051208496],
                    "orientation": [-1.0, -0.0, -0.0, -0.0, -1.0, -0.0, 0.0, 0.0, 1.0],
                    "selected": true,
                    "locked": false,
                    "visibility": false,
                    "positionStatus": "defined"
                },
                {
                    "id": "14",
                    "label": "Centerline curve (7)-14",
                    "description": "",
                    "associatedNodeID": "",
                    "position": [-21.053287506103517, 7.488402843475342, 6.4107489585876469],
                    "orientation": [-1.0, -0.0, -0.0, -0.0, -1.0, -0.0, 0.0, 0.0, 1.0],
                    "selected": true,
                    "locked": false,
                    "visibility": false,
                    "positionStatus": "defined"
                },
                {
                    "id": "15",
                    "label": "Centerline curve (7)-15",
                    "description": "",
                    "associatedNodeID": "",
                    "position": [-20.278573989868165, 7.427794933319092, 5.73788595199585],
                    "orientation": [-1.0, -0.0, -0.0, -0.0, -1.0, -0.0, 0.0, 0.0, 1.0],
                    "selected": true,
                    "locked": false,
                    "visibility": false,
                    "positionStatus": "defined"
                },
                {
                    "id": "16",
                    "label": "Centerline curve (7)-16",
                    "description": "",
                    "associatedNodeID": "",
                    "position": [-19.451618194580079, 7.320111274719238, 5.13633394241333],
                    "orientation": [-1.0, -0.0, -0.0, -0.0, -1.0, -0.0, 0.0, 0.0, 1.0],
                    "selected": true,
                    "locked": false,
                    "visibility": false,
                    "positionStatus": "defined"
                },
                {
                    "id": "17",
                    "label": "Centerline curve (7)-17",
                    "description": "",
                    "associatedNodeID": "",
                    "position": [-18.653348922729493, 7.277359962463379, 4.4894819259643559],
                    "orientation": [-1.0, -0.0, -0.0, -0.0, -1.0, -0.0, 0.0, 0.0, 1.0],
                    "selected": true,
                    "locked": false,
                    "visibility": false,
                    "positionStatus": "defined"
                },
                {
                    "id": "18",
                    "label": "Centerline curve (7)-18",
                    "description": "",
                    "associatedNodeID": "",
                    "position": [-18.126745223999025, 7.264475345611572, 3.611192464828491],
                    "orientation": [-1.0, -0.0, -0.0, -0.0, -1.0, -0.0, 0.0, 0.0, 1.0],
                    "selected": true,
                    "locked": false,
                    "visibility": false,
                    "positionStatus": "defined"
                },
                {
                    "id": "19",
                    "label": "Centerline curve (7)-19",
                    "description": "",
                    "associatedNodeID": "",
                    "position": [-17.512731552124025, 7.011468887329102, 2.8401007652282717],
                    "orientation": [-1.0, -0.0, -0.0, -0.0, -1.0, -0.0, 0.0, 0.0, 1.0],
                    "selected": true,
                    "locked": false,
                    "visibility": false,
                    "positionStatus": "defined"
                },
                {
                    "id": "20",
                    "label": "Centerline curve (7)-20",
                    "description": "",
                    "associatedNodeID": "",
                    "position": [-16.795848846435548, 7.048986434936523, 2.022901773452759],
                    "orientation": [-1.0, -0.0, -0.0, -0.0, -1.0, -0.0, 0.0, 0.0, 1.0],
                    "selected": true,
                    "locked": false,
                    "visibility": false,
                    "positionStatus": "defined"
                },
                {
                    "id": "21",
                    "label": "Centerline curve (7)-21",
                    "description": "",
                    "associatedNodeID": "",
                    "position": [-16.095685958862306, 7.258111476898193, 1.3689152002334595],
                    "orientation": [-1.0, -0.0, -0.0, -0.0, -1.0, -0.0, 0.0, 0.0, 1.0],
                    "selected": true,
                    "locked": false,
                    "visibility": false,
                    "positionStatus": "defined"
                }
            ],
            "measurements": [
                {
                    "name": "length",
                    "enabled": false,
                    "units": "mm",
                    "printFormat": "%-#4.4g%s"
                },
                {
                    "name": "curvature mean",
                    "enabled": false,
                    "printFormat": "%5.3f %s"
                },
                {
                    "name": "curvature max",
                    "enabled": false,
                    "printFormat": "%5.3f %s"
                },
                {
                    "name": "Radius",
                    "enabled": true,
                    "units": "mm",
                    "controlPointValues": [
                        8.225275770169617,
                        6.336559020404024,
                        6.181590945402961,
                        6.029327521639615,
                        5.947419554460684,
                        5.903335129154054,
                        5.816578331363238,
                        5.681284712793398,
                        5.6413866326478729,
                        5.592136024280226,
                        5.573576215887638,
                        5.566051280038573,
                        5.53874591515052,
                        5.537539004008893,
                        5.529581857470193,
                        5.4800252896890149,
                        5.417716894917823,
                        5.091285474327766,
                        4.687671796081881,
                        4.342666689034197,
                        4.031624373942817
                    ]
                }
            ],
            "display": {
                "visibility": true,
                "opacity": 1.0,
                "color": [0.4, 1.0, 1.0],
                "selectedColor": [0.8901960784313725, 0.4745098039215686, 0.403921568627451],
                "activeColor": [0.4, 1.0, 0.0],
                "propertiesLabelVisibility": true,
                "pointLabelsVisibility": false,
                "textScale": 3.0,
                "glyphType": "Sphere3D",
                "glyphScale": 3.0,
                "glyphSize": 5.0,
                "useGlyphScale": true,
                "sliceProjection": false,
                "sliceProjectionUseFiducialColor": true,
                "sliceProjectionOutlinedBehindSlicePlane": false,
                "sliceProjectionColor": [1.0, 1.0, 1.0],
                "sliceProjectionOpacity": 0.6,
                "lineThickness": 0.2,
                "lineColorFadingStart": 1.0,
                "lineColorFadingEnd": 10.0,
                "lineColorFadingSaturation": 1.0,
                "lineColorFadingHueOffset": 0.0,
                "handlesInteractive": false,
                "translationHandleVisibility": true,
                "rotationHandleVisibility": true,
                "scaleHandleVisibility": true,
                "interactionHandleScale": 3.0,
                "snapMode": "toVisibleSurface"
            }
        }
    ]
}