{
    "@schema": "https://raw.githubusercontent.com/slicer/slicer/master/Modules/Loadable/Markups/Resources/Schema/markups-schema-v1.0.3.json#",
    "markups": [
        {
            "type": "Curve",
            "coordinateSystem": "LPS",
            "coordinateUnits": "mm",
            "locked": false,
            "fixedNumberOfControlPoints": false,
            "labelFormat": "%N-%d",
            "lastUsedControlPointNumber": 24,
            "controlPoints": [
                {
                    "id": "1",
                    "label": "Centerline curve (22)-1",
                    "description": "",
                    "associatedNodeID": "",
                    "position": [-598.9351196289063, 9.053132057189942, -7.215282440185547],
                    "orientation": [-1.0, -0.0, -0.0, -0.0, -1.0, -0.0, 0.0, 0.0, 1.0],
                    "selected": true,
                    "locked": false,
                    "visibility": false,
                    "positionStatus": "defined"
                },
                {
                    "id": "2",
                    "label": "Centerline curve (22)-2",
                    "description": "",
                    "associatedNodeID": "",
                    "position": [-600.029052734375, 7.511873245239258, -7.463400363922119],
                    "orientation": [-1.0, -0.0, -0.0, -0.0, -1.0, -0.0, 0.0, 0.0, 1.0],
                    "selected": true,
                    "locked": false,
                    "visibility": false,
                    "positionStatus": "defined"
                },
                {
                    "id": "3",
                    "label": "Centerline curve (22)-3",
                    "description": "",
                    "associatedNodeID": "",
                    "position": [-600.6608276367188, 6.700355529785156, -7.301454544067383],
                    "orientation": [-1.0, -0.0, -0.0, -0.0, -1.0, -0.0, 0.0, 0.0, 1.0],
                    "selected": true,
                    "locked": false,
                    "visibility": false,
                    "positionStatus": "defined"
                },
                {
                    "id": "4",
                    "label": "Centerline curve (22)-4",
                    "description": "",
                    "associatedNodeID": "",
                    "position": [-601.2391967773438, 5.843789100646973, -7.248528957366943],
                    "orientation": [-1.0, -0.0, -0.0, -0.0, -1.0, -0.0, 0.0, 0.0, 1.0],
                    "selected": true,
                    "locked": false,
                    "visibility": false,
                    "positionStatus": "defined"
                },
                {
                    "id": "5",
                    "label": "Centerline curve (22)-5",
                    "description": "",
                    "associatedNodeID": "",
                    "position": [-601.6300048828125, 4.94491720199585, -6.94523811340332],
                    "orientation": [-1.0, -0.0, -0.0, -0.0, -1.0, -0.0, 0.0, 0.0, 1.0],
                    "selected": true,
                    "locked": false,
                    "visibility": false,
                    "positionStatus": "defined"
                },
                {
                    "id": "6",
                    "label": "Centerline curve (22)-6",
                    "description": "",
                    "associatedNodeID": "",
                    "position": [-601.95361328125, 3.9744672775268556, -6.702630996704102],
                    "orientation": [-1.0, -0.0, -0.0, -0.0, -1.0, -0.0, 0.0, 0.0, 1.0],
                    "selected": true,
                    "locked": false,
                    "visibility": false,
                    "positionStatus": "defined"
                },
                {
                    "id": "7",
                    "label": "Centerline curve (22)-7",
                    "description": "",
                    "associatedNodeID": "",
                    "position": [-601.8649291992188, 2.96189284324646, -6.570689678192139],
                    "orientation": [-1.0, -0.0, -0.0, -0.0, -1.0, -0.0, 0.0, 0.0, 1.0],
                    "selected": true,
                    "locked": false,
                    "visibility": false,
                    "positionStatus": "defined"
                },
                {
                    "id": "8",
                    "label": "Centerline curve (22)-8",
                    "description": "",
                    "associatedNodeID": "",
                    "position": [-601.8507690429688, 1.9337701797485352, -6.438340187072754],
                    "orientation": [-1.0, -0.0, -0.0, -0.0, -1.0, -0.0, 0.0, 0.0, 1.0],
                    "selected": true,
                    "locked": false,
                    "visibility": false,
                    "positionStatus": "defined"
                },
                {
                    "id": "9",
                    "label": "Centerline curve (22)-9",
                    "description": "",
                    "associatedNodeID": "",
                    "position": [-601.3744506835938, 1.0184954404830933, -6.43499755859375],
                    "orientation": [-1.0, -0.0, -0.0, -0.0, -1.0, -0.0, 0.0, 0.0, 1.0],
                    "selected": true,
                    "locked": false,
                    "visibility": false,
                    "positionStatus": "defined"
                },
                {
                    "id": "10",
                    "label": "Centerline curve (22)-10",
                    "description": "",
                    "associatedNodeID": "",
                    "position": [-600.7453002929688, 0.21539412438869477, -6.204225063323975],
                    "orientation": [-1.0, -0.0, -0.0, -0.0, -1.0, -0.0, 0.0, 0.0, 1.0],
                    "selected": true,
                    "locked": false,
                    "visibility": false,
                    "positionStatus": "defined"
                },
                {
                    "id": "11",
                    "label": "Centerline curve (22)-11",
                    "description": "",
                    "associatedNodeID": "",
                    "position": [-600.0927734375, -0.5430031418800354, -6.3631062507629398],
                    "orientation": [-1.0, -0.0, -0.0, -0.0, -1.0, -0.0, 0.0, 0.0, 1.0],
                    "selected": true,
                    "locked": false,
                    "visibility": false,
                    "positionStatus": "defined"
                },
                {
                    "id": "12",
                    "label": "Centerline curve (22)-12",
                    "description": "",
                    "associatedNodeID": "",
                    "position": [-599.4592895507813, -1.1376545429229737, -6.893828392028809],
                    "orientation": [-1.0, -0.0, -0.0, -0.0, -1.0, -0.0, 0.0, 0.0, 1.0],
                    "selected": true,
                    "locked": false,
                    "visibility": false,
                    "positionStatus": "defined"
                },
                {
                    "id": "13",
                    "label": "Centerline curve (22)-13",
                    "description": "",
                    "associatedNodeID": "",
                    "position": [-598.7933349609375, -1.4981015920639039, -7.619549751281738],
                    "orientation": [-1.0, -0.0, -0.0, -0.0, -1.0, -0.0, 0.0, 0.0, 1.0],
                    "selected": true,
                    "locked": false,
                    "visibility": false,
                    "positionStatus": "defined"
                },
                {
                    "id": "14",
                    "label": "Centerline curve (22)-14",
                    "description": "",
                    "associatedNodeID": "",
                    "position": [-598.31591796875, -2.100602626800537, -8.315378189086914],
                    "orientation": [-1.0, -0.0, -0.0, -0.0, -1.0, -0.0, 0.0, 0.0, 1.0],
                    "selected": true,
                    "locked": false,
                    "visibility": false,
                    "positionStatus": "defined"
                },
                {
                    "id": "15",
                    "label": "Centerline curve (22)-15",
                    "description": "",
                    "associatedNodeID": "",
                    "position": [-597.9427490234375, -2.2938458919525148, -9.220402717590332],
                    "orientation": [-1.0, -0.0, -0.0, -0.0, -1.0, -0.0, 0.0, 0.0, 1.0],
                    "selected": true,
                    "locked": false,
                    "visibility": false,
                    "positionStatus": "defined"
                },
                {
                    "id": "16",
                    "label": "Centerline curve (22)-16",
                    "description": "",
                    "associatedNodeID": "",
                    "position": [-597.4400634765625, -2.7168498039245607, -10.050765991210938],
                    "orientation": [-1.0, -0.0, -0.0, -0.0, -1.0, -0.0, 0.0, 0.0, 1.0],
                    "selected": true,
                    "locked": false,
                    "visibility": false,
                    "positionStatus": "defined"
                },
                {
                    "id": "17",
                    "label": "Centerline curve (22)-17",
                    "description": "",
                    "associatedNodeID": "",
                    "position": [-596.9428100585938, -3.0615499019622804, -10.914525032043457],
                    "orientation": [-1.0, -0.0, -0.0, -0.0, -1.0, -0.0, 0.0, 0.0, 1.0],
                    "selected": true,
                    "locked": false,
                    "visibility": false,
                    "positionStatus": "defined"
                },
                {
                    "id": "18",
                    "label": "Centerline curve (22)-18",
                    "description": "",
                    "associatedNodeID": "",
                    "position": [-596.4916381835938, -3.3025012016296388, -11.780377388000489],
                    "orientation": [-1.0, -0.0, -0.0, -0.0, -1.0, -0.0, 0.0, 0.0, 1.0],
                    "selected": true,
                    "locked": false,
                    "visibility": false,
                    "positionStatus": "defined"
                },
                {
                    "id": "19",
                    "label": "Centerline curve (22)-19",
                    "description": "",
                    "associatedNodeID": "",
                    "position": [-595.9588012695313, -3.845313310623169, -12.546623229980469],
                    "orientation": [-1.0, -0.0, -0.0, -0.0, -1.0, -0.0, 0.0, 0.0, 1.0],
                    "selected": true,
                    "locked": false,
                    "visibility": false,
                    "positionStatus": "defined"
                },
                {
                    "id": "20",
                    "label": "Centerline curve (22)-20",
                    "description": "",
                    "associatedNodeID": "",
                    "position": [-595.4578857421875, -4.250365734100342, -13.340752601623536],
                    "orientation": [-1.0, -0.0, -0.0, -0.0, -1.0, -0.0, 0.0, 0.0, 1.0],
                    "selected": true,
                    "locked": false,
                    "visibility": false,
                    "positionStatus": "defined"
                },
                {
                    "id": "21",
                    "label": "Centerline curve (22)-21",
                    "description": "",
                    "associatedNodeID": "",
                    "position": [-595.066162109375, -4.721639156341553, -14.188858032226563],
                    "orientation": [-1.0, -0.0, -0.0, -0.0, -1.0, -0.0, 0.0, 0.0, 1.0],
                    "selected": true,
                    "locked": false,
                    "visibility": false,
                    "positionStatus": "defined"
                },
                {
                    "id": "22",
                    "label": "Centerline curve (22)-22",
                    "description": "",
                    "associatedNodeID": "",
                    "position": [-594.6898193359375, -5.177112102508545, -15.033117294311524],
                    "orientation": [-1.0, -0.0, -0.0, -0.0, -1.0, -0.0, 0.0, 0.0, 1.0],
                    "selected": true,
                    "locked": false,
                    "visibility": false,
                    "positionStatus": "defined"
                },
                {
                    "id": "23",
                    "label": "Centerline curve (22)-23",
                    "description": "",
                    "associatedNodeID": "",
                    "position": [-594.608642578125, -5.61368465423584, -15.961133003234864],
                    "orientation": [-1.0, -0.0, -0.0, -0.0, -1.0, -0.0, 0.0, 0.0, 1.0],
                    "selected": true,
                    "locked": false,
                    "visibility": false,
                    "positionStatus": "defined"
                },
                {
                    "id": "24",
                    "label": "Centerline curve (22)-24",
                    "description": "",
                    "associatedNodeID": "",
                    "position": [-594.05615234375, -6.296788692474365, -16.47340202331543],
                    "orientation": [-1.0, -0.0, -0.0, -0.0, -1.0, -0.0, 0.0, 0.0, 1.0],
                    "selected": true,
                    "locked": false,
                    "visibility": false,
                    "positionStatus": "defined"
                }
            ],
            "measurements": [
                {
                    "name": "length",
                    "enabled": false,
                    "units": "mm",
                    "printFormat": "%-#4.4g%s"
                },
                {
                    "name": "curvature mean",
                    "enabled": false,
                    "printFormat": "%5.3f %s"
                },
                {
                    "name": "curvature max",
                    "enabled": false,
                    "printFormat": "%5.3f %s"
                },
                {
                    "name": "Radius",
                    "enabled": true,
                    "units": "mm",
                    "controlPointValues": [
                        2.3744538061096289,
                        1.8152086016083458,
                        1.6369129977547339,
                        1.6115294911300793,
                        1.5828544976163924,
                        1.5014165456034086,
                        1.4841343986515346,
                        1.3805382862516925,
                        1.3253373019149138,
                        1.383264324924503,
                        1.4195730157241525,
                        1.385881275558062,
                        1.3477738767397197,
                        1.413558108717792,
                        1.4136435723383594,
                        1.4667827913501342,
                        1.5123362427854606,
                        1.56138660330671,
                        1.5896736989622813,
                        1.6278203456506089,
                        1.67188375994966,
                        1.6213652805416959,
                        1.5790886325334644,
                        1.193295829832122
                    ]
                }
            ],
            "display": {
                "visibility": true,
                "opacity": 1.0,
                "color": [0.4, 1.0, 1.0],
                "selectedColor": [0.1450980392156863, 0.4117647058823529, 0.011764705882352941],
                "activeColor": [0.4, 1.0, 0.0],
                "propertiesLabelVisibility": true,
                "pointLabelsVisibility": false,
                "textScale": 3.0,
                "glyphType": "Sphere3D",
                "glyphScale": 3.0,
                "glyphSize": 5.0,
                "useGlyphScale": true,
                "sliceProjection": false,
                "sliceProjectionUseFiducialColor": true,
                "sliceProjectionOutlinedBehindSlicePlane": false,
                "sliceProjectionColor": [1.0, 1.0, 1.0],
                "sliceProjectionOpacity": 0.6,
                "lineThickness": 0.2,
                "lineColorFadingStart": 1.0,
                "lineColorFadingEnd": 10.0,
                "lineColorFadingSaturation": 1.0,
                "lineColorFadingHueOffset": 0.0,
                "handlesInteractive": false,
                "translationHandleVisibility": true,
                "rotationHandleVisibility": true,
                "scaleHandleVisibility": true,
                "interactionHandleScale": 3.0,
                "snapMode": "toVisibleSurface"
            }
        }
    ]
}